清液池电导率区间,清液池PH区间,清液池浓度区间,清液池温度区间,清液池COD区间,单刀供液量区间,异常率统计,异常率估计,刀数,配比,配比刀数,配比异常率统计,配比异常率估计
"[7.76, 8.365]","[5.32, 5.445]","[0.0119, 0.0121]","[22.1, 23.35]","[22862.5, 22972.5]","[4.935, 5.065]",8.0,12.898713314275456,193,"{'柠檬酸添加比例': 0.0, '置换量': 0.04, '离子液添加量': 0.06, '原液添加比例': 0.62}",1011,0.05341246290801187,0.07684357690853662
"[7.525, 7.76]","[5.585, 5.625]","[0.0119, 0.0121]","[22.1, 23.35]","[22862.5, 22972.5]","[4.935, 5.065]",1.0,2.7145520538750945,40,"{'柠檬酸添加比例': 0.0, '置换量': 0.04, '离子液添加量': 0.06, '原液添加比例': 0.62}",1011,0.05341246290801187,0.07684357690853662
"[8.365, 9.145]","[5.32, 5.445]","[0.0119, 0.0121]","[22.1, 23.35]","[22862.5, 22972.5]","[4.935, 5.065]",2.0,3.101535710272113,45,"{'柠檬酸添加比例': 0.0, '置换量': 0.04, '离子液添加量': 0.06, '原液添加比例': 0.62}",1011,0.05341246290801187,0.07684357690853662
"[7.76, 8.365]","[5.32, 5.445]","[0.0119, 0.0121]","[23.65, 24.55]","[22862.5, 22972.5]","[4.935, 5.065]",4.0,3.0321099741153077,43,"{'柠檬酸添加比例': 0.0, '置换量': 0.04, '离子液添加量': 0.06, '原液添加比例': 0.62}",1011,0.05341246290801187,0.07684357690853662
"[7.76, 8.365]","[5.445, 5.515]","[0.0119, 0.0121]","[22.1, 23.35]","[22862.5, 22972.5]","[4.935, 5.065]",2.0,3.1078975329918355,44,"{'柠檬酸添加比例': 0.0, '置换量': 0.04, '离子液添加量': 0.06, '原液添加比例': 0.62}",1011,0.05341246290801187,0.07684357690853662
"[7.525, 7.76]","[5.625, 5.705]","[0.0121, 0.0122]","[22.1, 23.35]","[22862.5, 22972.5]","[4.935, 5.065]",2.0,2.576752066561672,36,"{'柠檬酸添加比例': 0.0, '置换量': 0.04, '离子液添加量': 0.06, '原液添加比例': 0.62}",1011,0.05341246290801187,0.07684357690853662
"[7.76, 8.365]","[5.32, 5.445]","[0.0119, 0.0121]","[23.35, 23.65]","[22862.5, 22972.5]","[4.935, 5.065]",0.0,2.998664060815326,41,"{'柠檬酸添加比例': 0.0, '置换量': 0.04, '离子液添加量': 0.06, '原液添加比例': 0.62}",1011,0.05341246290801187,0.07684357690853662
"[7.525, 7.76]","[5.445, 5.515]","[0.0119, 0.0121]","[23.65, 24.55]","[22972.5, 23092.5]","[4.935, 5.065]",2.0,2.729241012166698,37,"{'柠檬酸添加比例': 0.0, '置换量': 0.04, '离子液添加量': 0.06, '原液添加比例': 0.62}",1011,0.05341246290801187,0.07684357690853662
"[7.525, 7.76]","[5.545, 5.585]","[0.0119, 0.0121]","[23.65, 24.55]","[22862.5, 22972.5]","[4.935, 5.065]",2.0,3.6952941507030186,50,"{'柠檬酸添加比例': 0.0, '置换量': 0.04, '离子液添加量': 0.06, '原液添加比例': 0.62}",1011,0.05341246290801187,0.07684357690853662
"[7.76, 8.365]","[5.32, 5.445]","[0.0119, 0.0121]","[23.65, 24.55]","[22972.5, 23092.5]","[4.935, 5.065]",1.0,2.1113057126215686,28,"{'柠檬酸添加比例': 0.0, '置换量': 0.04, '离子液添加量': 0.06, '原液添加比例': 0.62}",1011,0.05341246290801187,0.07684357690853662
"[7.76, 8.365]","[5.445, 5.515]","[0.0119, 0.0121]","[23.35, 23.65]","[22862.5, 22972.5]","[4.935, 5.065]",3.0,3.6930946172427728,48,"{'柠檬酸添加比例': 0.0, '置换量': 0.04, '离子液添加量': 0.06, '原液添加比例': 0.62}",1011,0.05341246290801187,0.07684357690853662
"[7.76, 8.365]","[5.585, 5.625]","[0.0119, 0.0121]","[23.35, 23.65]","[22862.5, 22972.5]","[4.935, 5.065]",4.0,2.467943043463446,31,"{'柠檬酸添加比例': 0.0, '置换量': 0.04, '离子液添加量': 0.06, '原液添加比例': 0.62}",1011,0.05341246290801187,0.07684357690853662
"[7.76, 8.365]","[5.515, 5.545]","[0.0119, 0.0121]","[23.65, 24.55]","[22972.5, 23092.5]","[4.935, 5.065]",0.0,3.9559365524674015,49,"{'柠檬酸添加比例': 0.0, '置换量': 0.04, '离子液添加量': 0.06, '原液添加比例': 0.62}",1011,0.05341246290801187,0.07684357690853662
"[7.76, 8.365]","[5.445, 5.515]","[0.0119, 0.0121]","[24.55, 24.75]","[23092.5, 23882.5]","[4.935, 5.065]",3.0,2.589714569516973,32,"{'柠檬酸添加比例': 0.0, '置换量': 0.04, '离子液添加量': 0.06, '原液添加比例': 0.62}",1011,0.05341246290801187,0.07684357690853662
"[6.995, 7.525]","[5.765, 5.95]","[0.0122, 0.0125]","[23.65, 24.55]","[22862.5, 22972.5]","[4.935, 5.065]",3.0,1.3008877997370574,16,"{'柠檬酸添加比例': 0.0, '置换量': 0.04, '离子液添加量': 0.06, '原液添加比例': 0.62}",1011,0.05341246290801187,0.07684357690853662
"[7.525, 7.76]","[5.765, 5.95]","[0.0122, 0.0125]","[22.1, 23.35]","[23092.5, 23882.5]","[4.29, 4.935]",0.0,0.5726518306661855,7,"{'柠檬酸添加比例': 0.0, '置换量': 0.04, '离子液添加量': 0.06, '原液添加比例': 0.62}",1011,0.05341246290801187,0.07684357690853662
"[7.525, 7.76]","[5.765, 5.95]","[0.0122, 0.0125]","[22.1, 23.35]","[23092.5, 23882.5]","[5.065, 6.93]",1.0,5.63751557152715,68,"{'柠檬酸添加比例': 0.0, '置换量': 0.04, '离子液添加量': 0.06, '原液添加比例': 0.62}",1011,0.05341246290801187,0.07684357690853662
"[7.525, 7.76]","[5.765, 5.95]","[0.0122, 0.0125]","[23.65, 24.55]","[22972.5, 23092.5]","[5.065, 6.93]",1.0,2.4396613044023145,29,"{'柠檬酸添加比例': 0.0, '置换量': 0.04, '离子液添加量': 0.06, '原液添加比例': 0.62}",1011,0.05341246290801187,0.07684357690853662
"[6.995, 7.525]","[5.765, 5.95]","[0.0122, 0.0125]","[23.65, 24.55]","[22862.5, 22972.5]","[5.065, 6.93]",3.0,3.1121748140349594,36,"{'柠檬酸添加比例': 0.0, '置换量': 0.04, '离子液添加量': 0.06, '原液添加比例': 0.62}",1011,0.05341246290801187,0.07684357690853662
"[7.76, 8.365]","[5.765, 5.95]","[0.0122, 0.0125]","[23.35, 23.65]","[22972.5, 23092.5]","[5.065, 6.93]",2.0,2.5813771893175845,28,"{'柠檬酸添加比例': 0.0, '置换量': 0.04, '离子液添加量': 0.06, '原液添加比例': 0.62}",1011,0.05341246290801187,0.07684357690853662
"[6.995, 7.525]","[5.765, 5.95]","[0.0122, 0.0125]","[23.35, 23.65]","[22972.5, 23092.5]","[5.065, 6.93]",5.0,3.1007741416182393,33,"{'柠檬酸添加比例': 0.0, '置换量': 0.04, '离子液添加量': 0.06, '原液添加比例': 0.62}",1011,0.05341246290801187,0.07684357690853662
"[6.995, 7.525]","[5.765, 5.95]","[0.0125, 0.0126]","[23.65, 24.55]","[23092.5, 23882.5]","[4.29, 4.935]",4.999999999999999,7.271059232138347,77,"{'柠檬酸添加比例': 0.0, '置换量': 0.04, '离子液添加量': 0.06, '原液添加比例': 0.62}",1011,0.05341246290801187,0.07684357690853662
"[7.525, 7.76]","[5.32, 5.445]","[0.0122, 0.0125]","[25.15, 29.9]","[23092.5, 23882.5]","[4.29, 4.935]",0.0,1.6300317541002376,21,"{'柠檬酸添加比例': 0.0, '置换量': 0.05, '离子液添加量': 0.06, '原液添加比例': 0.67}",866,0.07043879907621248,0.09361117821556832
"[7.525, 7.76]","[5.32, 5.445]","[0.0122, 0.0125]","[22.1, 23.35]","[23092.5, 23882.5]","[4.29, 4.935]",0.0,0.9446447938731043,12,"{'柠檬酸添加比例': 0.0, '置换量': 0.05, '离子液添加量': 0.06, '原液添加比例': 0.67}",866,0.07043879907621248,0.09361117821556832
"[7.525, 7.76]","[5.32, 5.445]","[0.0125, 0.0126]","[22.1, 23.35]","[23092.5, 23882.5]","[4.29, 4.935]",2.0,4.98778984422208,62,"{'柠檬酸添加比例': 0.0, '置换量': 0.05, '离子液添加量': 0.06, '原液添加比例': 0.67}",866,0.07043879907621248,0.09361117821556832
"[7.525, 7.76]","[5.32, 5.445]","[0.0125, 0.0126]","[24.75, 25.15]","[23092.5, 23882.5]","[4.29, 4.935]",0.0,1.2326879015637944,15,"{'柠檬酸添加比例': 0.0, '置换量': 0.05, '离子液添加量': 0.06, '原液添加比例': 0.67}",866,0.07043879907621248,0.09361117821556832
"[7.525, 7.76]","[5.445, 5.515]","[0.0122, 0.0125]","[22.1, 23.35]","[23092.5, 23882.5]","[4.29, 4.935]",1.0,0.9902606742866288,12,"{'柠檬酸添加比例': 0.0, '置换量': 0.05, '离子液添加量': 0.06, '原液添加比例': 0.67}",866,0.07043879907621248,0.09361117821556832
"[7.525, 7.76]","[5.32, 5.445]","[0.0125, 0.0126]","[23.65, 24.55]","[23092.5, 23882.5]","[4.29, 4.935]",3.0,2.6080206152310184,31,"{'柠檬酸添加比例': 0.0, '置换量': 0.05, '离子液添加量': 0.06, '原液添加比例': 0.67}",866,0.07043879907621248,0.09361117821556832
"[7.525, 7.76]","[5.32, 5.445]","[0.0122, 0.0125]","[23.35, 23.65]","[23092.5, 23882.5]","[4.29, 4.935]",0.0,1.0203100300951151,12,"{'柠檬酸添加比例': 0.0, '置换量': 0.05, '离子液添加量': 0.06, '原液添加比例': 0.67}",866,0.07043879907621248,0.09361117821556832
"[7.525, 7.76]","[5.32, 5.445]","[0.0125, 0.0126]","[23.35, 23.65]","[23092.5, 23882.5]","[4.29, 4.935]",1.0,1.4748122139775586,17,"{'柠檬酸添加比例': 0.0, '置换量': 0.05, '离子液添加量': 0.06, '原液添加比例': 0.67}",866,0.07043879907621248,0.09361117821556832
"[7.525, 7.76]","[5.765, 5.95]","[0.0126, 0.0128]","[23.65, 24.55]","[23092.5, 23882.5]","[5.065, 6.93]",1.0,3.0342581914846,34,"{'柠檬酸添加比例': 0.0, '置换量': 0.05, '离子液添加量': 0.06, '原液添加比例': 0.67}",866,0.07043879907621248,0.09361117821556832
"[6.995, 7.525]","[5.765, 5.95]","[0.0122, 0.0125]","[25.15, 29.9]","[23882.5, 23985.0]","[5.065, 6.93]",0.0,1.3391797745047818,15,"{'柠檬酸添加比例': 0.0, '置换量': 0.05, '离子液添加量': 0.06, '原液添加比例': 0.67}",866,0.07043879907621248,0.09361117821556832
"[6.995, 7.525]","[5.625, 5.705]","[0.0122, 0.0125]","[25.15, 29.9]","[23092.5, 23882.5]","[4.29, 4.935]",1.0,1.6281240256237066,18,"{'柠檬酸添加比例': 0.0, '置换量': 0.05, '离子液添加量': 0.06, '原液添加比例': 0.67}",866,0.07043879907621248,0.09361117821556832
"[7.76, 8.365]","[5.32, 5.445]","[0.0125, 0.0126]","[23.65, 24.55]","[23092.5, 23882.5]","[5.065, 6.93]",2.0,4.080094283783222,45,"{'柠檬酸添加比例': 0.0, '置换量': 0.05, '离子液添加量': 0.06, '原液添加比例': 0.67}",866,0.07043879907621248,0.09361117821556832
"[6.995, 7.525]","[5.32, 5.445]","[0.0125, 0.0126]","[23.65, 24.55]","[23092.5, 23882.5]","[4.29, 4.935]",1.0,1.4614773725706094,16,"{'柠檬酸添加比例': 0.0, '置换量': 0.05, '离子液添加量': 0.06, '原液添加比例': 0.67}",866,0.07043879907621248,0.09361117821556832
"[6.995, 7.525]","[5.32, 5.445]","[0.0125, 0.0126]","[23.65, 24.55]","[23882.5, 23985.0]","[5.065, 6.93]",4.0,3.151826665814155,34,"{'柠檬酸添加比例': 0.0, '置换量': 0.05, '离子液添加量': 0.06, '原液添加比例': 0.67}",866,0.07043879907621248,0.09361117821556832
"[6.995, 7.525]","[5.705, 5.765]","[0.0125, 0.0126]","[22.1, 23.35]","[23092.5, 23882.5]","[5.065, 6.93]",2.0,3.068322111302084,33,"{'柠檬酸添加比例': 0.0, '置换量': 0.05, '离子液添加量': 0.06, '原液添加比例': 0.67}",866,0.07043879907621248,0.09361117821556832
"[6.995, 7.525]","[5.705, 5.765]","[0.0122, 0.0125]","[24.75, 25.15]","[23092.5, 23882.5]","[5.065, 6.93]",1.0,2.138599897921295,23,"{'柠檬酸添加比例': 0.0, '置换量': 0.05, '离子液添加量': 0.06, '原液添加比例': 0.67}",866,0.07043879907621248,0.09361117821556832
"[6.995, 7.525]","[5.705, 5.765]","[0.0122, 0.0125]","[24.55, 24.75]","[23092.5, 23882.5]","[4.29, 4.935]",0.0,0.7447959226714268,8,"{'柠檬酸添加比例': 0.0, '置换量': 0.05, '离子液添加量': 0.06, '原液添加比例': 0.67}",866,0.07043879907621248,0.09361117821556832
"[6.995, 7.525]","[5.445, 5.515]","[0.0125, 0.0126]","[24.75, 25.15]","[23092.5, 23882.5]","[4.29, 4.935]",1.0,1.0251247085807902,11,"{'柠檬酸添加比例': 0.0, '置换量': 0.05, '离子液添加量': 0.06, '原液添加比例': 0.67}",866,0.07043879907621248,0.09361117821556832
"[6.995, 7.525]","[5.765, 5.95]","[0.0125, 0.0126]","[24.75, 25.15]","[23882.5, 23985.0]","[5.065, 6.93]",1.0,0.8445355681696155,9,"{'柠檬酸添加比例': 0.0, '置换量': 0.05, '离子液添加量': 0.06, '原液添加比例': 0.67}",866,0.07043879907621248,0.09361117821556832
"[6.995, 7.525]","[5.32, 5.445]","[0.0125, 0.0126]","[23.35, 23.65]","[23092.5, 23882.5]","[4.29, 4.935]",4.0,3.476753032137749,37,"{'柠檬酸添加比例': 0.0, '置换量': 0.05, '离子液添加量': 0.06, '原液添加比例': 0.67}",866,0.07043879907621248,0.09361117821556832
"[6.995, 7.525]","[5.585, 5.625]","[0.0122, 0.0125]","[24.75, 25.15]","[23092.5, 23882.5]","[4.29, 4.935]",0.0,1.5061908199466423,16,"{'柠檬酸添加比例': 0.0, '置换量': 0.05, '离子液添加量': 0.06, '原液添加比例': 0.67}",866,0.07043879907621248,0.09361117821556832
"[6.995, 7.525]","[5.705, 5.765]","[0.0122, 0.0125]","[24.55, 24.75]","[23092.5, 23882.5]","[5.065, 6.93]",3.0,1.5071476273727504,16,"{'柠檬酸添加比例': 0.0, '置换量': 0.05, '离子液添加量': 0.06, '原液添加比例': 0.67}",866,0.07043879907621248,0.09361117821556832
"[6.995, 7.525]","[5.515, 5.545]","[0.0122, 0.0125]","[24.55, 24.75]","[23092.5, 23882.5]","[4.29, 4.935]",0.0,1.036285296043574,11,"{'柠檬酸添加比例': 0.0, '置换量': 0.05, '离子液添加量': 0.06, '原液添加比例': 0.67}",866,0.07043879907621248,0.09361117821556832
"[7.76, 8.365]","[5.445, 5.515]","[0.0122, 0.0125]","[23.35, 23.65]","[23092.5, 23882.5]","[4.29, 4.935]",3.0,2.356724685712935,25,"{'柠檬酸添加比例': 0.0, '置换量': 0.05, '离子液添加量': 0.06, '原液添加比例': 0.67}",866,0.07043879907621248,0.09361117821556832
"[6.995, 7.525]","[5.32, 5.445]","[0.0125, 0.0126]","[23.35, 23.65]","[23092.5, 23882.5]","[5.065, 6.93]",0.0,0.09506353454275365,1,"{'柠檬酸添加比例': 0.0, '置换量': 0.05, '离子液添加量': 0.06, '原液添加比例': 0.67}",866,0.07043879907621248,0.09361117821556832
"[6.995, 7.525]","[5.445, 5.515]","[0.0126, 0.0128]","[24.55, 24.75]","[23092.5, 23882.5]","[4.29, 4.935]",0.0,2.0973969990572123,22,"{'柠檬酸添加比例': 0.0, '置换量': 0.05, '离子液添加量': 0.06, '原液添加比例': 0.67}",866,0.07043879907621248,0.09361117821556832
"[6.32, 6.995]","[5.625, 5.705]","[0.0122, 0.0125]","[24.75, 25.15]","[23092.5, 23882.5]","[4.29, 4.935]",0.0,0.577517901612985,6,"{'柠檬酸添加比例': 0.0, '置换量': 0.05, '离子液添加量': 0.06, '原液添加比例': 0.67}",866,0.07043879907621248,0.09361117821556832
"[7.76, 8.365]","[5.625, 5.705]","[0.0125, 0.0126]","[23.65, 24.55]","[23092.5, 23882.5]","[5.065, 6.93]",4.0,3.0811807481445337,32,"{'柠檬酸添加比例': 0.0, '置换量': 0.05, '离子液添加量': 0.06, '原液添加比例': 0.67}",866,0.07043879907621248,0.09361117821556832
"[6.995, 7.525]","[5.515, 5.545]","[0.0122, 0.0125]","[23.65, 24.55]","[23882.5, 23985.0]","[5.065, 6.93]",2.0,2.9853801059638227,31,"{'柠檬酸添加比例': 0.0, '置换量': 0.05, '离子液添加量': 0.06, '原液添加比例': 0.67}",866,0.07043879907621248,0.09361117821556832
"[6.995, 7.525]","[5.705, 5.765]","[0.0126, 0.0128]","[23.65, 24.55]","[23092.5, 23882.5]","[5.065, 6.93]",2.0,3.1228762029073533,32,"{'柠檬酸添加比例': 0.0, '置换量': 0.05, '离子液添加量': 0.06, '原液添加比例': 0.67}",866,0.07043879907621248,0.09361117821556832
"[6.995, 7.525]","[5.515, 5.545]","[0.0125, 0.0126]","[23.65, 24.55]","[23882.5, 23985.0]","[5.065, 6.93]",0.0,2.84288182816702,29,"{'柠檬酸添加比例': 0.0, '置换量': 0.05, '离子液添加量': 0.06, '原液添加比例': 0.67}",866,0.07043879907621248,0.09361117821556832
"[6.995, 7.525]","[5.765, 5.95]","[0.0125, 0.0126]","[23.35, 23.65]","[23092.5, 23882.5]","[5.065, 6.93]",3.0,3.5334194196316298,36,"{'柠檬酸添加比例': 0.0, '置换量': 0.05, '离子液添加量': 0.06, '原液添加比例': 0.67}",866,0.07043879907621248,0.09361117821556832
"[6.32, 6.995]","[5.705, 5.765]","[0.0122, 0.0125]","[23.65, 24.55]","[23882.5, 23985.0]","[5.065, 6.93]",1.0,0.6871561139991896,7,"{'柠檬酸添加比例': 0.0, '置换量': 0.05, '离子液添加量': 0.06, '原液添加比例': 0.67}",866,0.07043879907621248,0.09361117821556832
"[6.32, 6.995]","[5.585, 5.625]","[0.0122, 0.0125]","[23.65, 24.55]","[23092.5, 23882.5]","[4.29, 4.935]",0.0,1.0896409590642282,11,"{'柠檬酸添加比例': 0.0, '置换量': 0.05, '离子液添加量': 0.06, '原液添加比例': 0.67}",866,0.07043879907621248,0.09361117821556832
"[6.32, 6.995]","[5.765, 5.95]","[0.0122, 0.0125]","[23.35, 23.65]","[23882.5, 23985.0]","[5.065, 6.93]",1.0,0.9965476668709612,10,"{'柠檬酸添加比例': 0.0, '置换量': 0.05, '离子液添加量': 0.06, '原液添加比例': 0.67}",866,0.07043879907621248,0.09361117821556832
"[6.995, 7.525]","[5.545, 5.585]","[0.0122, 0.0125]","[23.35, 23.65]","[23092.5, 23882.5]","[4.29, 4.935]",1.0,1.1117920016542722,11,"{'柠檬酸添加比例': 0.0, '置换量': 0.05, '离子液添加量': 0.06, '原液添加比例': 0.67}",866,0.07043879907621248,0.09361117821556832
"[6.995, 7.525]","[5.515, 5.545]","[0.0125, 0.0126]","[23.65, 24.55]","[24186.25, 24408.75]","[5.065, 6.93]",4.0,3.9359932970697162,36,"{'柠檬酸添加比例': 0.0, '置换量': 0.05, '离子液添加量': 0.06, '原液添加比例': 0.67}",866,0.07043879907621248,0.09361117821556832
"[6.995, 7.525]","[5.545, 5.585]","[0.0122, 0.0125]","[24.55, 24.75]","[24186.25, 24408.75]","[5.065, 6.93]",5.0,3.9734223901765544,36,"{'柠檬酸添加比例': 0.0, '置换量': 0.05, '离子液添加量': 0.06, '原液添加比例': 0.67}",866,0.07043879907621248,0.09361117821556832
"[6.32, 6.995]","[5.515, 5.545]","[0.0122, 0.0125]","[23.65, 24.55]","[24186.25, 24408.75]","[5.065, 6.93]",7.0,3.6490133548304584,33,"{'柠檬酸添加比例': 0.0, '置换量': 0.05, '离子液添加量': 0.06, '原液添加比例': 0.67}",866,0.07043879907621248,0.09361117821556832
"[8.365, 9.145]","[5.32, 5.445]","[0.0119, 0.0121]","[23.65, 24.55]","[23092.5, 23882.5]","[4.935, 5.065]",0.0,0.07995394261508773,1,"{'柠檬酸添加比例': 0.0, '置换量': 0.0451, '离子液添加量': 0.06, '原液添加比例': 0.62}",154,0.05844155844155844,0.08523589561761769
"[8.365, 9.145]","[5.32, 5.445]","[0.0119, 0.0121]","[24.75, 25.15]","[23092.5, 23882.5]","[4.29, 4.935]",2.0,3.774300704562801,46,"{'柠檬酸添加比例': 0.0, '置换量': 0.0451, '离子液添加量': 0.06, '原液添加比例': 0.62}",154,0.05844155844155844,0.08523589561761769
"[7.525, 7.76]","[5.765, 5.95]","[0.0125, 0.0126]","[25.15, 29.9]","[23092.5, 23882.5]","[4.29, 4.935]",0.0,2.8852385945248735,35,"{'柠檬酸添加比例': 0.0, '置换量': 0.0451, '离子液添加量': 0.06, '原液添加比例': 0.62}",154,0.05844155844155844,0.08523589561761769
"[8.365, 9.145]","[5.32, 5.445]","[0.0119, 0.0121]","[23.65, 24.55]","[23092.5, 23882.5]","[4.29, 4.935]",3.0,2.688016612624418,32,"{'柠檬酸添加比例': 0.0, '置换量': 0.0451, '离子液添加量': 0.06, '原液添加比例': 0.62}",154,0.05844155844155844,0.08523589561761769
"[6.995, 7.525]","[5.705, 5.765]","[0.0125, 0.0126]","[22.1, 23.35]","[23882.5, 23985.0]","[4.29, 4.935]",0.0,0.09214343366749642,1,"{'柠檬酸添加比例': 0.0, '置换量': 0.0451, '离子液添加量': 0.06, '原液添加比例': 0.62}",154,0.05844155844155844,0.08523589561761769
"[6.995, 7.525]","[5.765, 5.95]","[0.0125, 0.0126]","[24.75, 25.15]","[23092.5, 23882.5]","[4.29, 4.935]",4.0,3.606674637118447,39,"{'柠檬酸添加比例': 0.0, '置换量': 0.0451, '离子液添加量': 0.06, '原液添加比例': 0.62}",154,0.05844155844155844,0.08523589561761769
"[8.365, 9.145]","[5.515, 5.545]","[0.0119, 0.0121]","[25.15, 29.9]","[22972.5, 23092.5]","[4.29, 4.935]",0.0,1.9701351870789257,24,"{'柠檬酸添加比例': 0.0, '置换量': 0.05, '离子液添加量': 0.06, '原液添加比例': 0.62}",229,0.07860262008733625,0.08562511588621753
"[7.76, 8.365]","[5.625, 5.705]","[0.0119, 0.0121]","[25.15, 29.9]","[23092.5, 23882.5]","[4.29, 4.935]",0.0,1.5721937145768297,19,"{'柠檬酸添加比例': 0.0, '置换量': 0.05, '离子液添加量': 0.06, '原液添加比例': 0.62}",229,0.07860262008733625,0.08562511588621753
"[8.365, 9.145]","[5.445, 5.515]","[0.0119, 0.0121]","[24.75, 25.15]","[22972.5, 23092.5]","[4.29, 4.935]",5.0,3.419050509069108,41,"{'柠檬酸添加比例': 0.0, '置换量': 0.05, '离子液添加量': 0.06, '原液添加比例': 0.62}",229,0.07860262008733625,0.08562511588621753
"[7.76, 8.365]","[5.585, 5.625]","[0.0119, 0.0121]","[24.75, 25.15]","[22972.5, 23092.5]","[4.29, 4.935]",1.0,1.7634280911592144,21,"{'柠檬酸添加比例': 0.0, '置换量': 0.05, '离子液添加量': 0.06, '原液添加比例': 0.62}",229,0.07860262008733625,0.08562511588621753
"[7.76, 8.365]","[5.705, 5.765]","[0.0119, 0.0121]","[24.55, 24.75]","[23092.5, 23882.5]","[4.29, 4.935]",2.0,1.8786942500999768,22,"{'柠檬酸添加比例': 0.0, '置换量': 0.05, '离子液添加量': 0.06, '原液添加比例': 0.62}",229,0.07860262008733625,0.08562511588621753
"[8.365, 9.145]","[5.625, 5.705]","[0.0119, 0.0121]","[22.1, 23.35]","[23092.5, 23882.5]","[4.29, 4.935]",1.0,2.32030390564534,27,"{'柠檬酸添加比例': 0.0, '置换量': 0.05, '离子液添加量': 0.06, '原液添加比例': 0.62}",229,0.07860262008733625,0.08562511588621753
"[7.76, 8.365]","[5.625, 5.705]","[0.0119, 0.0121]","[23.65, 24.55]","[23092.5, 23882.5]","[4.29, 4.935]",3.0,2.1882087837821365,25,"{'柠檬酸添加比例': 0.0, '置换量': 0.05, '离子液添加量': 0.06, '原液添加比例': 0.62}",229,0.07860262008733625,0.08562511588621753
"[7.76, 8.365]","[5.545, 5.585]","[0.0119, 0.0121]","[24.75, 25.15]","[23092.5, 23882.5]","[4.29, 4.935]",3.0,1.509485025509393,17,"{'柠檬酸添加比例': 0.0, '置换量': 0.05, '离子液添加量': 0.06, '原液添加比例': 0.62}",229,0.07860262008733625,0.08562511588621753
"[8.365, 9.145]","[5.625, 5.705]","[0.0121, 0.0122]","[22.1, 23.35]","[23092.5, 23882.5]","[4.29, 4.935]",3.0,2.9866520710228914,33,"{'柠檬酸添加比例': 0.0, '置换量': 0.05, '离子液添加量': 0.06, '原液添加比例': 0.62}",229,0.07860262008733625,0.08562511588621753
"[8.365, 9.145]","[5.625, 5.705]","[0.0121, 0.0122]","[22.1, 23.35]","[23092.5, 23882.5]","[4.935, 5.065]",1.0,1.6427026019844015,19,"{'柠檬酸添加比例': 0.91, '置换量': 0.0547, '离子液添加量': 0.0, '原液添加比例': 0.62}",34,0.08823529411764706,0.08746598632218534
"[8.365, 9.145]","[5.705, 5.765]","[0.0121, 0.0122]","[23.65, 24.55]","[23092.5, 23882.5]","[4.935, 5.065]",2.0,1.3311409329699004,15,"{'柠檬酸添加比例': 0.91, '置换量': 0.0547, '离子液添加量': 0.0, '原液添加比例': 0.62}",34,0.08823529411764706,0.08746598632218534
"[7.525, 7.76]","[5.545, 5.585]","[0.0122, 0.0125]","[25.15, 29.9]","[23092.5, 23882.5]","[5.065, 6.93]",3.0,1.838577759583108,21,"{'柠檬酸添加比例': 1.82, '置换量': 0.05, '离子液添加量': 0.0, '原液添加比例': 0.67}",45,0.13333333333333333,0.08858488242339434
"[7.76, 8.365]","[5.515, 5.545]","[0.0122, 0.0125]","[25.15, 29.9]","[23092.5, 23882.5]","[5.065, 6.93]",3.0,2.1477419494696375,24,"{'柠檬酸添加比例': 1.82, '置换量': 0.05, '离子液添加量': 0.0, '原液添加比例': 0.67}",45,0.13333333333333333,0.08858488242339434
"[8.365, 9.145]","[5.32, 5.445]","[0.0122, 0.0125]","[24.55, 24.75]","[22972.5, 23092.5]","[5.065, 6.93]",3.0,2.1958749535065367,25,"{'柠檬酸添加比例': 0.91, '置换量': 0.05, '离子液添加量': 0.0, '原液添加比例': 0.67}",276,0.07608695652173914,0.09156885406081235
"[7.76, 8.365]","[5.515, 5.545]","[0.0122, 0.0125]","[22.1, 23.35]","[22972.5, 23092.5]","[5.065, 6.93]",1.0,1.4981968217957065,17,"{'柠檬酸添加比例': 0.91, '置换量': 0.05, '离子液添加量': 0.0, '原液添加比例': 0.67}",276,0.07608695652173914,0.09156885406081235
"[7.76, 8.365]","[5.445, 5.515]","[0.0122, 0.0125]","[24.75, 25.15]","[22972.5, 23092.5]","[5.065, 6.93]",1.0,2.1199654738514644,24,"{'柠檬酸添加比例': 0.91, '置换量': 0.05, '离子液添加量': 0.0, '原液添加比例': 0.67}",276,0.07608695652173914,0.09156885406081235
"[8.365, 9.145]","[5.765, 5.95]","[0.0122, 0.0125]","[23.65, 24.55]","[23092.5, 23882.5]","[4.935, 5.065]",2.0,1.4235909496548722,16,"{'柠檬酸添加比例': 0.91, '置换量': 0.05, '离子液添加量': 0.0, '原液添加比例': 0.67}",276,0.07608695652173914,0.09156885406081235
"[8.365, 9.145]","[5.705, 5.765]","[0.0122, 0.0125]","[23.65, 24.55]","[23092.5, 23882.5]","[4.935, 5.065]",1.0,1.2615230486501547,14,"{'柠檬酸添加比例': 0.91, '置换量': 0.05, '离子液添加量': 0.0, '原液添加比例': 0.67}",276,0.07608695652173914,0.09156885406081235
"[7.76, 8.365]","[5.705, 5.765]","[0.0122, 0.0125]","[24.75, 25.15]","[23092.5, 23882.5]","[5.065, 6.93]",2.9999999999999996,4.2869543159679715,47,"{'柠檬酸添加比例': 0.91, '置换量': 0.05, '离子液添加量': 0.0, '原液添加比例': 0.67}",276,0.07608695652173914,0.09156885406081235
"[8.365, 9.145]","[5.765, 5.95]","[0.0122, 0.0125]","[24.75, 25.15]","[23092.5, 23882.5]","[5.065, 6.93]",1.0,1.4746838949086878,16,"{'柠檬酸添加比例': 0.91, '置换量': 0.05, '离子液添加量': 0.0, '原液添加比例': 0.67}",276,0.07608695652173914,0.09156885406081235
"[7.76, 8.365]","[5.445, 5.515]","[0.0122, 0.0125]","[23.65, 24.55]","[23092.5, 23882.5]","[5.065, 6.93]",0.0,1.1129071371019672,12,"{'柠檬酸添加比例': 0.91, '置换量': 0.05, '离子液添加量': 0.0, '原液添加比例': 0.67}",276,0.07608695652173914,0.09156885406081235
"[8.365, 9.145]","[5.445, 5.515]","[0.0122, 0.0125]","[24.75, 25.15]","[23092.5, 23882.5]","[5.065, 6.93]",2.0,2.2291694857950817,24,"{'柠檬酸添加比例': 0.91, '置换量': 0.05, '离子液添加量': 0.0, '原液添加比例': 0.67}",276,0.07608695652173914,0.09156885406081235
"[8.365, 9.145]","[5.705, 5.765]","[0.0122, 0.0125]","[24.75, 25.15]","[23092.5, 23882.5]","[5.065, 6.93]",2.0,1.3995314740149036,15,"{'柠檬酸添加比例': 0.91, '置换量': 0.05, '离子液添加量': 0.0, '原液添加比例': 0.67}",276,0.07608695652173914,0.09156885406081235
"[8.365, 9.145]","[5.765, 5.95]","[0.0122, 0.0125]","[24.55, 24.75]","[23092.5, 23882.5]","[5.065, 6.93]",1.0,1.4007279882771342,15,"{'柠檬酸添加比例': 0.91, '置换量': 0.05, '离子液添加量': 0.0, '原液添加比例': 0.67}",276,0.07608695652173914,0.09156885406081235
"[7.76, 8.365]","[5.625, 5.705]","[0.0122, 0.0125]","[23.65, 24.55]","[23092.5, 23882.5]","[5.065, 6.93]",0.0,2.2694177898009,24,"{'柠檬酸添加比例': 0.91, '置换量': 0.05, '离子液添加量': 0.0, '原液添加比例': 0.67}",276,0.07608695652173914,0.09156885406081235
"[7.76, 8.365]","[5.545, 5.585]","[0.0122, 0.0125]","[24.75, 25.15]","[23092.5, 23882.5]","[5.065, 6.93]",0.0,1.2457114802394889,13,"{'柠檬酸添加比例': 0.91, '置换量': 0.05, '离子液添加量': 0.0, '原液添加比例': 0.67}",276,0.07608695652173914,0.09156885406081235
"[8.365, 9.145]","[5.585, 5.625]","[0.0122, 0.0125]","[24.55, 24.75]","[23092.5, 23882.5]","[5.065, 6.93]",4.0,1.3547489072193386,14,"{'柠檬酸添加比例': 0.91, '置换量': 0.05, '离子液添加量': 0.0, '原液添加比例': 0.67}",276,0.07608695652173914,0.09156885406081235
"[9.145, 13.66]","[5.705, 5.765]","[0.0119, 0.0121]","[24.55, 24.75]","[23092.5, 23882.5]","[3.08, 4.29]",3.0,3.964191980647433,44,"{'柠檬酸添加比例': 0.0, '置换量': 0.05, '离子液添加量': 0.07, '原液添加比例': 0.91}",1323,0.10204081632653061,0.09570985571093006
"[9.145, 13.66]","[5.625, 5.705]","[0.0119, 0.0121]","[24.75, 25.15]","[23092.5, 23882.5]","[3.08, 4.29]",1.0,2.3472260922352866,26,"{'柠檬酸添加比例': 0.0, '置换量': 0.05, '离子液添加量': 0.07, '原液添加比例': 0.91}",1323,0.10204081632653061,0.09570985571093006
"[9.145, 13.66]","[5.585, 5.625]","[0.0119, 0.0121]","[24.75, 25.15]","[23092.5, 23882.5]","[3.08, 4.29]",7.000000000000001,4.6477681182091,51,"{'柠檬酸添加比例': 0.0, '置换量': 0.05, '离子液添加量': 0.07, '原液添加比例': 0.91}",1323,0.10204081632653061,0.09570985571093006
"[9.145, 13.66]","[5.625, 5.705]","[0.0121, 0.0122]","[25.15, 29.9]","[23092.5, 23882.5]","[3.08, 4.29]",6.0,5.520872593957958,60,"{'柠檬酸添加比例': 0.0, '置换量': 0.05, '离子液添加量': 0.07, '原液添加比例': 0.91}",1323,0.10204081632653061,0.09570985571093006
"[9.145, 13.66]","[5.705, 5.765]","[0.0122, 0.0125]","[24.75, 25.15]","[22972.5, 23092.5]","[3.08, 4.29]",3.0,2.4935788933439405,27,"{'柠檬酸添加比例': 0.0, '置换量': 0.05, '离子液添加量': 0.07, '原液添加比例': 0.91}",1323,0.10204081632653061,0.09570985571093006
"[8.365, 9.145]","[5.445, 5.515]","[0.0122, 0.0125]","[22.1, 23.35]","[23882.5, 23985.0]","[3.08, 4.29]",1.0,3.880727883475645,42,"{'柠檬酸添加比例': 0.0, '置换量': 0.05, '离子液添加量': 0.07, '原液添加比例': 0.91}",1323,0.10204081632653061,0.09570985571093006
"[9.145, 13.66]","[5.765, 5.95]","[0.0122, 0.0125]","[24.55, 24.75]","[22972.5, 23092.5]","[3.08, 4.29]",4.0,2.680601701906026,29,"{'柠檬酸添加比例': 0.0, '置换量': 0.05, '离子液添加量': 0.07, '原液添加比例': 0.91}",1323,0.10204081632653061,0.09570985571093006
"[9.145, 13.66]","[5.625, 5.705]","[0.0121, 0.0122]","[22.1, 23.35]","[23092.5, 23882.5]","[3.08, 4.29]",3.0,2.5140883410809747,27,"{'柠檬酸添加比例': 0.0, '置换量': 0.05, '离子液添加量': 0.07, '原液添加比例': 0.91}",1323,0.10204081632653061,0.09570985571093006
"[9.145, 13.66]","[5.765, 5.95]","[0.0122, 0.0125]","[23.65, 24.55]","[22972.5, 23092.5]","[3.08, 4.29]",3.0,5.776597214816223,62,"{'柠檬酸添加比例': 0.0, '置换量': 0.05, '离子液添加量': 0.07, '原液添加比例': 0.91}",1323,0.10204081632653061,0.09570985571093006
"[9.145, 13.66]","[5.625, 5.705]","[0.0122, 0.0125]","[25.15, 29.9]","[23092.5, 23882.5]","[3.08, 4.29]",1.0,1.9609926747026574,21,"{'柠檬酸添加比例': 0.0, '置换量': 0.05, '离子液添加量': 0.07, '原液添加比例': 0.91}",1323,0.10204081632653061,0.09570985571093006
"[9.145, 13.66]","[5.705, 5.765]","[0.0121, 0.0122]","[24.75, 25.15]","[23092.5, 23882.5]","[3.08, 4.29]",4.0,2.896905867046512,31,"{'柠檬酸添加比例': 0.0, '置换量': 0.05, '离子液添加量': 0.07, '原液添加比例': 0.91}",1323,0.10204081632653061,0.09570985571093006
"[9.145, 13.66]","[5.765, 5.95]","[0.0122, 0.0125]","[24.75, 25.15]","[23092.5, 23882.5]","[3.08, 4.29]",1.0,2.623047891663041,28,"{'柠檬酸添加比例': 0.0, '置换量': 0.05, '离子液添加量': 0.07, '原液添加比例': 0.91}",1323,0.10204081632653061,0.09570985571093006
"[9.145, 13.66]","[5.32, 5.445]","[0.0125, 0.0126]","[23.65, 24.55]","[23092.5, 23882.5]","[3.08, 4.29]",5.0,5.6562962751635935,60,"{'柠檬酸添加比例': 0.0, '置换量': 0.05, '离子液添加量': 0.07, '原液添加比例': 0.91}",1323,0.10204081632653061,0.09570985571093006
"[8.365, 9.145]","[5.705, 5.765]","[0.0122, 0.0125]","[24.75, 25.15]","[23092.5, 23882.5]","[3.08, 4.29]",2.0,2.0743377009737785,22,"{'柠檬酸添加比例': 0.0, '置换量': 0.05, '离子液添加量': 0.07, '原液添加比例': 0.91}",1323,0.10204081632653061,0.09570985571093006
"[9.145, 13.66]","[5.705, 5.765]","[0.0122, 0.0125]","[23.65, 24.55]","[22972.5, 23092.5]","[3.08, 4.29]",4.0,2.074716108420643,22,"{'柠檬酸添加比例': 0.0, '置换量': 0.05, '离子液添加量': 0.07, '原液添加比例': 0.91}",1323,0.10204081632653061,0.09570985571093006
"[9.145, 13.66]","[5.705, 5.765]","[0.0122, 0.0125]","[24.75, 25.15]","[23092.5, 23882.5]","[3.08, 4.29]",4.0,2.844439100429276,30,"{'柠檬酸添加比例': 0.0, '置换量': 0.05, '离子液添加量': 0.07, '原液添加比例': 0.91}",1323,0.10204081632653061,0.09570985571093006
"[9.145, 13.66]","[5.705, 5.765]","[0.0121, 0.0122]","[23.65, 24.55]","[23092.5, 23882.5]","[3.08, 4.29]",2.0,2.480376084791008,26,"{'柠檬酸添加比例': 0.0, '置换量': 0.05, '离子液添加量': 0.07, '原液添加比例': 0.91}",1323,0.10204081632653061,0.09570985571093006
"[9.145, 13.66]","[5.585, 5.625]","[0.0121, 0.0122]","[24.75, 25.15]","[23092.5, 23882.5]","[3.08, 4.29]",1.0,2.39250336806063,25,"{'柠檬酸添加比例': 0.0, '置换量': 0.05, '离子液添加量': 0.07, '原液添加比例': 0.91}",1323,0.10204081632653061,0.09570985571093006
"[9.145, 13.66]","[5.705, 5.765]","[0.0122, 0.0125]","[24.55, 24.75]","[23092.5, 23882.5]","[3.08, 4.29]",5.0,4.321294161044632,45,"{'柠檬酸添加比例': 0.0, '置换量': 0.05, '离子液添加量': 0.07, '原液添加比例': 0.91}",1323,0.10204081632653061,0.09570985571093006
"[8.365, 9.145]","[5.445, 5.515]","[0.0122, 0.0125]","[23.65, 24.55]","[23882.5, 23985.0]","[3.08, 4.29]",1.0,2.305914165876205,24,"{'柠檬酸添加比例': 0.0, '置换量': 0.05, '离子液添加量': 0.07, '原液添加比例': 0.91}",1323,0.10204081632653061,0.09570985571093006
"[9.145, 13.66]","[5.625, 5.705]","[0.0122, 0.0125]","[24.75, 25.15]","[23092.5, 23882.5]","[3.08, 4.29]",6.0,5.484050567865103,57,"{'柠檬酸添加比例': 0.0, '置换量': 0.05, '离子液添加量': 0.07, '原液添加比例': 0.91}",1323,0.10204081632653061,0.09570985571093006
"[9.145, 13.66]","[5.445, 5.515]","[0.0122, 0.0125]","[23.65, 24.55]","[23882.5, 23985.0]","[3.08, 4.29]",7.0,5.1201347626012055,53,"{'柠檬酸添加比例': 0.0, '置换量': 0.05, '离子液添加量': 0.07, '原液添加比例': 0.91}",1323,0.10204081632653061,0.09570985571093006
"[9.145, 13.66]","[5.705, 5.765]","[0.0122, 0.0125]","[23.65, 24.55]","[23092.5, 23882.5]","[3.08, 4.29]",3.0,2.806189074758282,29,"{'柠檬酸添加比例': 0.0, '置换量': 0.05, '离子液添加量': 0.07, '原液添加比例': 0.91}",1323,0.10204081632653061,0.09570985571093006
"[9.145, 13.66]","[5.625, 5.705]","[0.0121, 0.0122]","[23.65, 24.55]","[23092.5, 23882.5]","[3.08, 4.29]",2.0,2.3231005673906706,24,"{'柠檬酸添加比例': 0.0, '置换量': 0.05, '离子液添加量': 0.07, '原液添加比例': 0.91}",1323,0.10204081632653061,0.09570985571093006
"[8.365, 9.145]","[5.515, 5.545]","[0.0122, 0.0125]","[23.65, 24.55]","[23882.5, 23985.0]","[3.08, 4.29]",4.0,2.342593370949395,24,"{'柠檬酸添加比例': 0.0, '置换量': 0.05, '离子液添加量': 0.07, '原液添加比例': 0.91}",1323,0.10204081632653061,0.09570985571093006
"[8.365, 9.145]","[5.625, 5.705]","[0.0122, 0.0125]","[23.65, 24.55]","[23092.5, 23882.5]","[3.08, 4.29]",4.0,4.979403254698368,51,"{'柠檬酸添加比例': 0.0, '置换量': 0.05, '离子液添加量': 0.07, '原液添加比例': 0.91}",1323,0.10204081632653061,0.09570985571093006
"[9.145, 13.66]","[5.545, 5.585]","[0.0122, 0.0125]","[22.1, 23.35]","[23882.5, 23985.0]","[3.08, 4.29]",6.0,3.9182817890028376,40,"{'柠檬酸添加比例': 0.0, '置换量': 0.05, '离子液添加量': 0.07, '原液添加比例': 0.91}",1323,0.10204081632653061,0.09570985571093006
"[9.145, 13.66]","[5.445, 5.515]","[0.0125, 0.0126]","[23.65, 24.55]","[23092.5, 23882.5]","[3.08, 4.29]",2.0,1.3730209913539506,14,"{'柠檬酸添加比例': 0.0, '置换量': 0.05, '离子液添加量': 0.07, '原液添加比例': 0.91}",1323,0.10204081632653061,0.09570985571093006
"[9.145, 13.66]","[5.625, 5.705]","[0.0122, 0.0125]","[23.65, 24.55]","[23092.5, 23882.5]","[3.08, 4.29]",13.0,10.699648985618035,109,"{'柠檬酸添加比例': 0.0, '置换量': 0.05, '离子液添加量': 0.07, '原液添加比例': 0.91}",1323,0.10204081632653061,0.09570985571093006
"[9.145, 13.66]","[5.445, 5.515]","[0.0122, 0.0125]","[23.35, 23.65]","[23882.5, 23985.0]","[3.08, 4.29]",5.0,5.6561258833758385,57,"{'柠檬酸添加比例': 0.0, '置换量': 0.05, '离子液添加量': 0.07, '原液添加比例': 0.91}",1323,0.10204081632653061,0.09570985571093006
"[9.145, 13.66]","[5.705, 5.765]","[0.0122, 0.0125]","[23.35, 23.65]","[23092.5, 23882.5]","[3.08, 4.29]",3.0,2.1865602635608226,22,"{'柠檬酸添加比例': 0.0, '置换量': 0.05, '离子液添加量': 0.07, '原液添加比例': 0.91}",1323,0.10204081632653061,0.09570985571093006
"[9.145, 13.66]","[5.545, 5.585]","[0.0121, 0.0122]","[23.65, 24.55]","[23092.5, 23882.5]","[3.08, 4.29]",1.0,1.9002136786726018,19,"{'柠檬酸添加比例': 0.0, '置换量': 0.05, '离子液添加量': 0.07, '原液添加比例': 0.91}",1323,0.10204081632653061,0.09570985571093006
"[9.145, 13.66]","[5.515, 5.545]","[0.0122, 0.0125]","[23.35, 23.65]","[23882.5, 23985.0]","[3.08, 4.29]",4.0,4.836411785620771,48,"{'柠檬酸添加比例': 0.0, '置换量': 0.05, '离子液添加量': 0.07, '原液添加比例': 0.91}",1323,0.10204081632653061,0.09570985571093006
"[8.365, 9.145]","[5.545, 5.585]","[0.0122, 0.0125]","[23.65, 24.55]","[23092.5, 23882.5]","[3.08, 4.29]",2.0,2.4204179329578537,24,"{'柠檬酸添加比例': 0.0, '置换量': 0.05, '离子液添加量': 0.07, '原液添加比例': 0.91}",1323,0.10204081632653061,0.09570985571093006
"[9.145, 13.66]","[5.515, 5.545]","[0.0125, 0.0126]","[23.35, 23.65]","[23092.5, 23882.5]","[3.08, 4.29]",6.0,2.555629763636464,25,"{'柠檬酸添加比例': 0.0, '置换量': 0.05, '离子液添加量': 0.07, '原液添加比例': 0.91}",1323,0.10204081632653061,0.09570985571093006
"[9.145, 13.66]","[5.545, 5.585]","[0.0121, 0.0122]","[23.35, 23.65]","[23092.5, 23882.5]","[3.08, 4.29]",6.0,2.5658802156537104,25,"{'柠檬酸添加比例': 0.0, '置换量': 0.05, '离子液添加量': 0.07, '原液添加比例': 0.91}",1323,0.10204081632653061,0.09570985571093006
"[9.145, 13.66]","[5.32, 5.445]","[0.0122, 0.0125]","[24.75, 25.15]","[23092.5, 23882.5]","[3.08, 4.29]",1.0,4.348477293775215,48,"{'柠檬酸添加比例': 1.45, '置换量': 0.06, '离子液添加量': 0.0, '原液添加比例': 0.91}",428,0.08411214953271028,0.09267199515471657
"[9.145, 13.66]","[5.32, 5.445]","[0.0122, 0.0125]","[23.65, 24.55]","[23092.5, 23882.5]","[3.08, 4.29]",26.0,28.78111582307161,311,"{'柠檬酸添加比例': 1.45, '置换量': 0.06, '离子液添加量': 0.0, '原液添加比例': 0.91}",428,0.08411214953271028,0.09267199515471657
"[9.145, 13.66]","[5.445, 5.515]","[0.0122, 0.0125]","[22.1, 23.35]","[23092.5, 23882.5]","[3.08, 4.29]",3.0,1.2046271923109093,13,"{'柠檬酸添加比例': 1.45, '置换量': 0.06, '离子液添加量': 0.0, '原液添加比例': 0.91}",428,0.08411214953271028,0.09267199515471657
"[9.145, 13.66]","[5.32, 5.445]","[0.0122, 0.0125]","[23.35, 23.65]","[23092.5, 23882.5]","[3.08, 4.29]",6.0,5.329393617060953,56,"{'柠檬酸添加比例': 1.45, '置换量': 0.06, '离子液添加量': 0.0, '原液添加比例': 0.91}",428,0.08411214953271028,0.09267199515471657
"[7.525, 7.76]","[5.765, 5.95]","[0.0122, 0.0125]","[23.65, 24.55]","[24408.75, 24675.0]","[4.29, 4.935]",3.0,5.275988644354057,58,"{'柠檬酸添加比例': 0.0, '置换量': 0.05, '离子液添加量': 0.06, '原液添加比例': 0.73}",1700,0.11823529411764706,0.10549838586667971
"[6.995, 7.525]","[5.765, 5.95]","[0.0125, 0.0126]","[25.15, 29.9]","[23882.5, 23985.0]","[5.065, 6.93]",0.0,0.5460388526287877,6,"{'柠檬酸添加比例': 0.0, '置换量': 0.05, '离子液添加量': 0.06, '原液添加比例': 0.73}",1700,0.11823529411764706,0.10549838586667971
"[6.995, 7.525]","[5.765, 5.95]","[0.0121, 0.0122]","[25.15, 29.9]","[24408.75, 24675.0]","[4.29, 4.935]",2.0,2.760917577237338,30,"{'柠檬酸添加比例': 0.0, '置换量': 0.05, '离子液添加量': 0.06, '原液添加比例': 0.73}",1700,0.11823529411764706,0.10549838586667971
"[6.995, 7.525]","[5.625, 5.705]","[0.0126, 0.0128]","[22.1, 23.35]","[23882.5, 23985.0]","[5.065, 6.93]",0.0,2.006894321999791,21,"{'柠檬酸添加比例': 0.0, '置换量': 0.05, '离子液添加量': 0.06, '原液添加比例': 0.73}",1700,0.11823529411764706,0.10549838586667971
"[7.525, 7.76]","[5.765, 5.95]","[0.0122, 0.0125]","[24.75, 25.15]","[23985.0, 24066.25]","[5.065, 6.93]",2.0,2.5842486472092845,27,"{'柠檬酸添加比例': 0.0, '置换量': 0.05, '离子液添加量': 0.06, '原液添加比例': 0.73}",1700,0.11823529411764706,0.10549838586667971
"[6.995, 7.525]","[5.765, 5.95]","[0.0125, 0.0126]","[23.65, 24.55]","[23882.5, 23985.0]","[5.065, 6.93]",1.0,0.38315115672043965,4,"{'柠檬酸添加比例': 0.0, '置换量': 0.05, '离子液添加量': 0.06, '原液添加比例': 0.73}",1700,0.11823529411764706,0.10549838586667971
"[6.995, 7.525]","[5.765, 5.95]","[0.0126, 0.0128]","[24.55, 24.75]","[23882.5, 23985.0]","[5.065, 6.93]",1.0,0.5758821435391583,6,"{'柠檬酸添加比例': 0.0, '置换量': 0.05, '离子液添加量': 0.06, '原液添加比例': 0.73}",1700,0.11823529411764706,0.10549838586667971
"[6.995, 7.525]","[5.765, 5.95]","[0.0121, 0.0122]","[23.65, 24.55]","[24408.75, 24675.0]","[4.29, 4.935]",6.0,4.840594982494495,50,"{'柠檬酸添加比例': 0.0, '置换量': 0.05, '离子液添加量': 0.06, '原液添加比例': 0.73}",1700,0.11823529411764706,0.10549838586667971
"[7.525, 7.76]","[5.765, 5.95]","[0.0122, 0.0125]","[23.65, 24.55]","[24186.25, 24408.75]","[4.29, 4.935]",3.0,2.5233735735419387,26,"{'柠檬酸添加比例': 0.0, '置换量': 0.05, '离子液添加量': 0.06, '原液添加比例': 0.73}",1700,0.11823529411764706,0.10549838586667971
"[6.995, 7.525]","[5.705, 5.765]","[0.0126, 0.0128]","[23.65, 24.55]","[23882.5, 23985.0]","[5.065, 6.93]",2.0,1.9570218693394956,20,"{'柠檬酸添加比例': 0.0, '置换量': 0.05, '离子液添加量': 0.06, '原液添加比例': 0.73}",1700,0.11823529411764706,0.10549838586667971
"[6.995, 7.525]","[5.765, 5.95]","[0.0122, 0.0125]","[23.65, 24.55]","[24408.75, 24675.0]","[4.29, 4.935]",2.0,2.847160839261273,29,"{'柠檬酸添加比例': 0.0, '置换量': 0.05, '离子液添加量': 0.06, '原液添加比例': 0.73}",1700,0.11823529411764706,0.10549838586667971
"[6.995, 7.525]","[5.705, 5.765]","[0.0126, 0.0128]","[25.15, 29.9]","[24408.75, 24675.0]","[5.065, 6.93]",0.0,1.2777051391098877,13,"{'柠檬酸添加比例': 0.0, '置换量': 0.05, '离子液添加量': 0.06, '原液添加比例': 0.73}",1700,0.11823529411764706,0.10549838586667971
"[6.32, 6.995]","[5.765, 5.95]","[0.0125, 0.0126]","[23.65, 24.55]","[23882.5, 23985.0]","[5.065, 6.93]",0.0,0.3950345124454131,4,"{'柠檬酸添加比例': 0.0, '置换量': 0.05, '离子液添加量': 0.06, '原液添加比例': 0.73}",1700,0.11823529411764706,0.10549838586667971
"[6.995, 7.525]","[5.625, 5.705]","[0.0126, 0.0128]","[23.65, 24.55]","[23882.5, 23985.0]","[5.065, 6.93]",2.0,3.374427588748762,34,"{'柠檬酸添加比例': 0.0, '置换量': 0.05, '离子液添加量': 0.06, '原液添加比例': 0.73}",1700,0.11823529411764706,0.10549838586667971
"[7.525, 7.76]","[5.515, 5.545]","[0.0122, 0.0125]","[23.65, 24.55]","[24186.25, 24408.75]","[4.29, 4.935]",2.0,1.3901362781506397,14,"{'柠檬酸添加比例': 0.0, '置换量': 0.05, '离子液添加量': 0.06, '原液添加比例': 0.73}",1700,0.11823529411764706,0.10549838586667971
"[6.32, 6.995]","[5.765, 5.95]","[0.0126, 0.0128]","[23.65, 24.55]","[23882.5, 23985.0]","[5.065, 6.93]",1.0,1.9937515512470174,20,"{'柠檬酸添加比例': 0.0, '置换量': 0.05, '离子液添加量': 0.06, '原液添加比例': 0.73}",1700,0.11823529411764706,0.10549838586667971
"[6.32, 6.995]","[5.705, 5.765]","[0.0125, 0.0126]","[23.65, 24.55]","[23882.5, 23985.0]","[5.065, 6.93]",0.0,0.5993578976833231,6,"{'柠檬酸添加比例': 0.0, '置换量': 0.05, '离子液添加量': 0.06, '原液添加比例': 0.73}",1700,0.11823529411764706,0.10549838586667971
"[7.525, 7.76]","[5.515, 5.545]","[0.0122, 0.0125]","[23.65, 24.55]","[24186.25, 24408.75]","[5.065, 6.93]",1.0,0.6023561088971997,6,"{'柠檬酸添加比例': 0.0, '置换量': 0.05, '离子液添加量': 0.06, '原液添加比例': 0.73}",1700,0.11823529411764706,0.10549838586667971
"[7.76, 8.365]","[5.585, 5.625]","[0.0121, 0.0122]","[22.1, 23.35]","[24186.25, 24408.75]","[4.29, 4.935]",2.0,2.8233250325498824,28,"{'柠檬酸添加比例': 0.0, '置换量': 0.05, '离子液添加量': 0.06, '原液添加比例': 0.73}",1700,0.11823529411764706,0.10549838586667971
"[6.32, 6.995]","[5.765, 5.95]","[0.0125, 0.0126]","[23.35, 23.65]","[23882.5, 23985.0]","[5.065, 6.93]",0.0,0.9124433144241776,9,"{'柠檬酸添加比例': 0.0, '置换量': 0.05, '离子液添加量': 0.06, '原液添加比例': 0.73}",1700,0.11823529411764706,0.10549838586667971
"[7.76, 8.365]","[5.585, 5.625]","[0.0122, 0.0125]","[22.1, 23.35]","[24186.25, 24408.75]","[4.29, 4.935]",4.0,2.759375624438293,27,"{'柠檬酸添加比例': 0.0, '置换量': 0.05, '离子液添加量': 0.06, '原液添加比例': 0.73}",1700,0.11823529411764706,0.10549838586667971
"[6.32, 6.995]","[5.705, 5.765]","[0.0126, 0.0128]","[22.1, 23.35]","[24408.75, 24675.0]","[5.065, 6.93]",2.0,2.0471137880474077,20,"{'柠檬酸添加比例': 0.0, '置换量': 0.05, '离子液添加量': 0.06, '原液添加比例': 0.73}",1700,0.11823529411764706,0.10549838586667971
"[6.995, 7.525]","[5.625, 5.705]","[0.0122, 0.0125]","[25.15, 29.9]","[23985.0, 24066.25]","[5.065, 6.93]",4.0,2.2577692080220264,22,"{'柠檬酸添加比例': 0.0, '置换量': 0.05, '离子液添加量': 0.06, '原液添加比例': 0.73}",1700,0.11823529411764706,0.10549838586667971
"[6.32, 6.995]","[5.625, 5.705]","[0.0126, 0.0128]","[25.15, 29.9]","[24408.75, 24675.0]","[5.065, 6.93]",4.0,2.15570515486926,21,"{'柠檬酸添加比例': 0.0, '置换量': 0.05, '离子液添加量': 0.06, '原液添加比例': 0.73}",1700,0.11823529411764706,0.10549838586667971
"[7.525, 7.76]","[5.705, 5.765]","[0.0125, 0.0126]","[25.15, 29.9]","[24066.25, 24186.25]","[4.29, 4.935]",1.0,3.1848630637698543,31,"{'柠檬酸添加比例': 0.0, '置换量': 0.05, '离子液添加量': 0.06, '原液添加比例': 0.73}",1700,0.11823529411764706,0.10549838586667971
"[6.995, 7.525]","[5.705, 5.765]","[0.0126, 0.0128]","[23.65, 24.55]","[24408.75, 24675.0]","[5.065, 6.93]",2.0,2.267459137740263,22,"{'柠檬酸添加比例': 0.0, '置换量': 0.05, '离子液添加量': 0.06, '原液添加比例': 0.73}",1700,0.11823529411764706,0.10549838586667971
"[7.76, 8.365]","[5.515, 5.545]","[0.0121, 0.0122]","[23.65, 24.55]","[24186.25, 24408.75]","[4.29, 4.935]",3.0,2.894394057356445,28,"{'柠檬酸添加比例': 0.0, '置换量': 0.05, '离子液添加量': 0.06, '原液添加比例': 0.73}",1700,0.11823529411764706,0.10549838586667971
"[7.76, 8.365]","[5.705, 5.765]","[0.0122, 0.0125]","[24.55, 24.75]","[23985.0, 24066.25]","[5.065, 6.93]",4.0,2.691083677575378,26,"{'柠檬酸添加比例': 0.0, '置换量': 0.05, '离子液添加量': 0.06, '原液添加比例': 0.73}",1700,0.11823529411764706,0.10549838586667971
"[6.995, 7.525]","[5.705, 5.765]","[0.0121, 0.0122]","[23.65, 24.55]","[24186.25, 24408.75]","[4.29, 4.935]",1.0,2.6008440695747472,25,"{'柠檬酸添加比例': 0.0, '置换量': 0.05, '离子液添加量': 0.06, '原液添加比例': 0.73}",1700,0.11823529411764706,0.10549838586667971
"[6.995, 7.525]","[5.765, 5.95]","[0.0122, 0.0125]","[23.65, 24.55]","[24186.25, 24408.75]","[4.29, 4.935]",11.0,12.616121660882886,121,"{'柠檬酸添加比例': 0.0, '置换量': 0.05, '离子液添加量': 0.06, '原液添加比例': 0.73}",1700,0.11823529411764706,0.10549838586667971
"[6.995, 7.525]","[5.625, 5.705]","[0.0125, 0.0126]","[25.15, 29.9]","[23985.0, 24066.25]","[5.065, 6.93]",0.0,2.8175498162025154,27,"{'柠檬酸添加比例': 0.0, '置换量': 0.05, '离子液添加量': 0.06, '原液添加比例': 0.73}",1700,0.11823529411764706,0.10549838586667971
"[6.32, 6.995]","[5.705, 5.765]","[0.0125, 0.0126]","[24.55, 24.75]","[24408.75, 24675.0]","[5.065, 6.93]",0.0,0.626230995290423,6,"{'柠檬酸添加比例': 0.0, '置换量': 0.05, '离子液添加量': 0.06, '原液添加比例': 0.73}",1700,0.11823529411764706,0.10549838586667971
"[6.995, 7.525]","[5.625, 5.705]","[0.0121, 0.0122]","[24.55, 24.75]","[24186.25, 24408.75]","[4.29, 4.935]",1.0,2.0938831639750104,20,"{'柠檬酸添加比例': 0.0, '置换量': 0.05, '离子液添加量': 0.06, '原液添加比例': 0.73}",1700,0.11823529411764706,0.10549838586667971
"[7.76, 8.365]","[5.625, 5.705]","[0.0122, 0.0125]","[24.55, 24.75]","[23985.0, 24066.25]","[5.065, 6.93]",1.0,2.5175998838070126,24,"{'柠檬酸添加比例': 0.0, '置换量': 0.05, '离子液添加量': 0.06, '原液添加比例': 0.73}",1700,0.11823529411764706,0.10549838586667971
"[6.32, 6.995]","[5.705, 5.765]","[0.0125, 0.0126]","[23.65, 24.55]","[24408.75, 24675.0]","[5.065, 6.93]",1.0,1.2612985670758197,12,"{'柠檬酸添加比例': 0.0, '置换量': 0.05, '离子液添加量': 0.06, '原液添加比例': 0.73}",1700,0.11823529411764706,0.10549838586667971
"[6.995, 7.525]","[5.765, 5.95]","[0.0122, 0.0125]","[23.65, 24.55]","[24186.25, 24408.75]","[5.065, 6.93]",3.0,2.52870491156707,24,"{'柠檬酸添加比例': 0.0, '置换量': 0.05, '离子液添加量': 0.06, '原液添加比例': 0.73}",1700,0.11823529411764706,0.10549838586667971
"[6.32, 6.995]","[5.625, 5.705]","[0.0126, 0.0128]","[24.75, 25.15]","[24408.75, 24675.0]","[5.065, 6.93]",2.0,2.5316024720734536,24,"{'柠檬酸添加比例': 0.0, '置换量': 0.05, '离子液添加量': 0.06, '原液添加比例': 0.73}",1700,0.11823529411764706,0.10549838586667971
"[7.76, 8.365]","[5.625, 5.705]","[0.0122, 0.0125]","[23.65, 24.55]","[23985.0, 24066.25]","[5.065, 6.93]",3.0,3.063454919462993,29,"{'柠檬酸添加比例': 0.0, '置换量': 0.05, '离子液添加量': 0.06, '原液添加比例': 0.73}",1700,0.11823529411764706,0.10549838586667971
"[6.995, 7.525]","[5.705, 5.765]","[0.0125, 0.0126]","[24.75, 25.15]","[23985.0, 24066.25]","[5.065, 6.93]",4.0,2.2215423304220145,21,"{'柠檬酸添加比例': 0.0, '置换量': 0.05, '离子液添加量': 0.06, '原液添加比例': 0.73}",1700,0.11823529411764706,0.10549838586667971
"[7.76, 8.365]","[5.445, 5.515]","[0.0122, 0.0125]","[23.35, 23.65]","[24186.25, 24408.75]","[4.29, 4.935]",8.0,5.714978696692267,54,"{'柠檬酸添加比例': 0.0, '置换量': 0.05, '离子液添加量': 0.06, '原液添加比例': 0.73}",1700,0.11823529411764706,0.10549838586667971
"[7.76, 8.365]","[5.515, 5.545]","[0.0121, 0.0122]","[23.35, 23.65]","[24186.25, 24408.75]","[4.29, 4.935]",2.0,2.437889110430757,23,"{'柠檬酸添加比例': 0.0, '置换量': 0.05, '离子液添加量': 0.06, '原液添加比例': 0.73}",1700,0.11823529411764706,0.10549838586667971
"[6.995, 7.525]","[5.705, 5.765]","[0.0122, 0.0125]","[23.65, 24.55]","[23985.0, 24066.25]","[5.065, 6.93]",3.0,2.544249841045132,24,"{'柠檬酸添加比例': 0.0, '置换量': 0.05, '离子液添加量': 0.06, '原液添加比例': 0.73}",1700,0.11823529411764706,0.10549838586667971
"[6.32, 6.995]","[5.705, 5.765]","[0.0126, 0.0128]","[23.65, 24.55]","[24408.75, 24675.0]","[5.065, 6.93]",2.0,2.332817594227617,22,"{'柠檬酸添加比例': 0.0, '置换量': 0.05, '离子液添加量': 0.06, '原液添加比例': 0.73}",1700,0.11823529411764706,0.10549838586667971
"[6.995, 7.525]","[5.705, 5.765]","[0.0122, 0.0125]","[23.65, 24.55]","[24186.25, 24408.75]","[5.065, 6.93]",5.0,4.366379438864303,41,"{'柠檬酸添加比例': 0.0, '置换量': 0.05, '离子液添加量': 0.06, '原液添加比例': 0.73}",1700,0.11823529411764706,0.10549838586667971
"[6.995, 7.525]","[5.625, 5.705]","[0.0125, 0.0126]","[24.75, 25.15]","[23985.0, 24066.25]","[5.065, 6.93]",5.0,2.3580591498296286,22,"{'柠檬酸添加比例': 0.0, '置换量': 0.05, '离子液添加量': 0.06, '原液添加比例': 0.73}",1700,0.11823529411764706,0.10549838586667971
"[6.995, 7.525]","[5.625, 5.705]","[0.0122, 0.0125]","[23.65, 24.55]","[23985.0, 24066.25]","[5.065, 6.93]",4.0,2.792586857681112,26,"{'柠檬酸添加比例': 0.0, '置换量': 0.05, '离子液添加量': 0.06, '原液添加比例': 0.73}",1700,0.11823529411764706,0.10549838586667971
"[6.32, 6.995]","[5.765, 5.95]","[0.0125, 0.0126]","[24.75, 25.15]","[23985.0, 24066.25]","[5.065, 6.93]",3.0,2.3677327105403845,22,"{'柠檬酸添加比例': 0.0, '置换量': 0.05, '离子液添加量': 0.06, '原液添加比例': 0.73}",1700,0.11823529411764706,0.10549838586667971
"[6.995, 7.525]","[5.705, 5.765]","[0.0125, 0.0126]","[23.65, 24.55]","[23985.0, 24066.25]","[5.065, 6.93]",2.0,2.0470264431125003,19,"{'柠檬酸添加比例': 0.0, '置换量': 0.05, '离子液添加量': 0.06, '原液添加比例': 0.73}",1700,0.11823529411764706,0.10549838586667971
"[6.995, 7.525]","[5.765, 5.95]","[0.0122, 0.0125]","[23.35, 23.65]","[24186.25, 24408.75]","[5.065, 6.93]",4.0,2.3757066746346993,22,"{'柠檬酸添加比例': 0.0, '置换量': 0.05, '离子液添加量': 0.06, '原液添加比例': 0.73}",1700,0.11823529411764706,0.10549838586667971
"[6.995, 7.525]","[5.585, 5.625]","[0.0122, 0.0125]","[24.55, 24.75]","[24186.25, 24408.75]","[5.065, 6.93]",1.0,1.9442202565680025,18,"{'柠檬酸添加比例': 0.0, '置换量': 0.05, '离子液添加量': 0.06, '原液添加比例': 0.73}",1700,0.11823529411764706,0.10549838586667971
"[7.76, 8.365]","[5.585, 5.625]","[0.0122, 0.0125]","[23.35, 23.65]","[24186.25, 24408.75]","[4.29, 4.935]",5.0,3.0381269394910695,28,"{'柠檬酸添加比例': 0.0, '置换量': 0.05, '离子液添加量': 0.06, '原液添加比例': 0.73}",1700,0.11823529411764706,0.10549838586667971
"[6.32, 6.995]","[5.705, 5.765]","[0.0126, 0.0128]","[23.35, 23.65]","[24408.75, 24675.0]","[5.065, 6.93]",1.0,2.0645613893298878,19,"{'柠檬酸添加比例': 0.0, '置换量': 0.05, '离子液添加量': 0.06, '原液添加比例': 0.73}",1700,0.11823529411764706,0.10549838586667971
"[7.525, 7.76]","[5.585, 5.625]","[0.0125, 0.0126]","[23.65, 24.55]","[24066.25, 24186.25]","[4.29, 4.935]",7.0,2.3051781961779705,21,"{'柠檬酸添加比例': 0.0, '置换量': 0.05, '离子液添加量': 0.06, '原液添加比例': 0.73}",1700,0.11823529411764706,0.10549838586667971
"[6.995, 7.525]","[5.625, 5.705]","[0.0122, 0.0125]","[23.35, 23.65]","[24186.25, 24408.75]","[5.065, 6.93]",5.0,2.320873771756238,21,"{'柠檬酸添加比例': 0.0, '置换量': 0.05, '离子液添加量': 0.06, '原液添加比例': 0.73}",1700,0.11823529411764706,0.10549838586667971
"[6.32, 6.995]","[5.625, 5.705]","[0.0122, 0.0125]","[23.65, 24.55]","[24186.25, 24408.75]","[5.065, 6.93]",3.0,1.8846994785033648,17,"{'柠檬酸添加比例': 0.0, '置换量': 0.05, '离子液添加量': 0.06, '原液添加比例': 0.73}",1700,0.11823529411764706,0.10549838586667971
"[7.76, 8.365]","[5.705, 5.765]","[0.0125, 0.0126]","[24.75, 25.15]","[24066.25, 24186.25]","[4.29, 4.935]",2.0,2.5532335953516427,23,"{'柠檬酸添加比例': 0.0, '置换量': 0.05, '离子液添加量': 0.06, '原液添加比例': 0.73}",1700,0.11823529411764706,0.10549838586667971
"[6.995, 7.525]","[5.545, 5.585]","[0.0122, 0.0125]","[23.65, 24.55]","[24186.25, 24408.75]","[5.065, 6.93]",4.0,2.6666214131076496,24,"{'柠檬酸添加比例': 0.0, '置换量': 0.05, '离子液添加量': 0.06, '原液添加比例': 0.73}",1700,0.11823529411764706,0.10549838586667971
"[7.525, 7.76]","[5.625, 5.705]","[0.0125, 0.0126]","[23.35, 23.65]","[24066.25, 24186.25]","[4.29, 4.935]",2.0,2.4538705641706686,22,"{'柠檬酸添加比例': 0.0, '置换量': 0.05, '离子液添加量': 0.06, '原液添加比例': 0.73}",1700,0.11823529411764706,0.10549838586667971
"[6.995, 7.525]","[5.625, 5.705]","[0.0125, 0.0126]","[22.1, 23.35]","[24066.25, 24186.25]","[4.29, 4.935]",3.0,2.4738290118735353,22,"{'柠檬酸添加比例': 0.0, '置换量': 0.05, '离子液添加量': 0.06, '原液添加比例': 0.73}",1700,0.11823529411764706,0.10549838586667971
"[6.995, 7.525]","[5.625, 5.705]","[0.0125, 0.0126]","[24.75, 25.15]","[24066.25, 24186.25]","[4.29, 4.935]",5.0,2.1693771248025526,19,"{'柠檬酸添加比例': 0.0, '置换量': 0.05, '离子液添加量': 0.06, '原液添加比例': 0.73}",1700,0.11823529411764706,0.10549838586667971
"[6.995, 7.525]","[5.445, 5.515]","[0.0125, 0.0126]","[23.65, 24.55]","[24066.25, 24186.25]","[4.29, 4.935]",1.0,0.45724573635487004,4,"{'柠檬酸添加比例': 0.0, '置换量': 0.05, '离子液添加量': 0.06, '原液添加比例': 0.73}",1700,0.11823529411764706,0.10549838586667971
"[6.995, 7.525]","[5.585, 5.625]","[0.0122, 0.0125]","[23.65, 24.55]","[24066.25, 24186.25]","[4.29, 4.935]",4.0,2.535614510216838,22,"{'柠檬酸添加比例': 0.0, '置换量': 0.05, '离子液添加量': 0.06, '原液添加比例': 0.73}",1700,0.11823529411764706,0.10549838586667971
"[6.995, 7.525]","[5.445, 5.515]","[0.0125, 0.0126]","[23.65, 24.55]","[24066.25, 24186.25]","[5.065, 6.93]",6.0,1.6157213865182047,14,"{'柠檬酸添加比例': 0.0, '置换量': 0.05, '离子液添加量': 0.06, '原液添加比例': 0.73}",1700,0.11823529411764706,0.10549838586667971
"[6.995, 7.525]","[5.625, 5.705]","[0.0125, 0.0126]","[23.65, 24.55]","[24066.25, 24186.25]","[4.29, 4.935]",8.0,5.574155867452372,48,"{'柠檬酸添加比例': 0.0, '置换量': 0.05, '离子液添加量': 0.06, '原液添加比例': 0.73}",1700,0.11823529411764706,0.10549838586667971
"[6.995, 7.525]","[5.515, 5.545]","[0.0125, 0.0126]","[23.65, 24.55]","[24066.25, 24186.25]","[5.065, 6.93]",7.0,3.0403612376011937,26,"{'柠檬酸添加比例': 0.0, '置换量': 0.05, '离子液添加量': 0.06, '原液添加比例': 0.73}",1700,0.11823529411764706,0.10549838586667971
"[6.995, 7.525]","[5.585, 5.625]","[0.0125, 0.0126]","[23.65, 24.55]","[24066.25, 24186.25]","[4.29, 4.935]",2.0,2.4566436051010436,21,"{'柠檬酸添加比例': 0.0, '置换量': 0.05, '离子液添加量': 0.06, '原液添加比例': 0.73}",1700,0.11823529411764706,0.10549838586667971
"[6.995, 7.525]","[5.625, 5.705]","[0.0125, 0.0126]","[23.65, 24.55]","[24066.25, 24186.25]","[5.065, 6.93]",3.0,2.696186123155571,23,"{'柠檬酸添加比例': 0.0, '置换量': 0.05, '离子液添加量': 0.06, '原液添加比例': 0.73}",1700,0.11823529411764706,0.10549838586667971
"[6.995, 7.525]","[5.705, 5.765]","[0.0126, 0.0128]","[23.35, 23.65]","[24066.25, 24186.25]","[4.29, 4.935]",7.000000000000001,4.849659673458228,41,"{'柠檬酸添加比例': 0.0, '置换量': 0.05, '离子液添加量': 0.06, '原液添加比例': 0.73}",1700,0.11823529411764706,0.10549838586667971
"[6.32, 6.995]","[5.705, 5.765]","[0.0125, 0.0126]","[23.65, 24.55]","[24066.25, 24186.25]","[5.065, 6.93]",4.0,2.969988643909031,25,"{'柠檬酸添加比例': 0.0, '置换量': 0.05, '离子液添加量': 0.06, '原液添加比例': 0.73}",1700,0.11823529411764706,0.10549838586667971
"[6.995, 7.525]","[5.705, 5.765]","[0.0126, 0.0128]","[23.35, 23.65]","[24066.25, 24186.25]","[5.065, 6.93]",0.0,0.5969080932816875,5,"{'柠檬酸添加比例': 0.0, '置换量': 0.05, '离子液添加量': 0.06, '原液添加比例': 0.73}",1700,0.11823529411764706,0.10549838586667971
"[6.995, 7.525]","[5.625, 5.705]","[0.0126, 0.0128]","[23.35, 23.65]","[24066.25, 24186.25]","[5.065, 6.93]",2.0,2.5363463043802645,21,"{'柠檬酸添加比例': 0.0, '置换量': 0.05, '离子液添加量': 0.06, '原液添加比例': 0.73}",1700,0.11823529411764706,0.10549838586667971
"[8.365, 9.145]","[5.32, 5.445]","[0.0126, 0.0128]","[22.1, 23.35]","[23092.5, 23882.5]","[3.08, 4.29]",3.0,3.0027531831481586,33,"{'柠檬酸添加比例': 0.0, '置换量': 0.06, '离子液添加量': 0.07, '原液添加比例': 0.91}",746,0.128686327077748,0.10995110248891124
"[8.365, 9.145]","[5.32, 5.445]","[0.0126, 0.0128]","[23.65, 24.55]","[23985.0, 24066.25]","[3.08, 4.29]",7.000000000000001,5.393316128193277,51,"{'柠檬酸添加比例': 0.0, '置换量': 0.06, '离子液添加量': 0.07, '原液添加比例': 0.91}",746,0.128686327077748,0.10995110248891124
"[8.365, 9.145]","[5.445, 5.515]","[0.0126, 0.0128]","[22.1, 23.35]","[23985.0, 24066.25]","[3.08, 4.29]",3.0,2.5409075046581338,24,"{'柠檬酸添加比例': 0.0, '置换量': 0.06, '离子液添加量': 0.07, '原液添加比例': 0.91}",746,0.128686327077748,0.10995110248891124
"[7.76, 8.365]","[5.32, 5.445]","[0.0126, 0.0128]","[23.35, 23.65]","[23985.0, 24066.25]","[3.08, 4.29]",3.0,2.657123867514196,25,"{'柠檬酸添加比例': 0.0, '置换量': 0.06, '离子液添加量': 0.07, '原液添加比例': 0.91}",746,0.128686327077748,0.10995110248891124
"[9.145, 13.66]","[5.445, 5.515]","[0.0126, 0.0128]","[22.1, 23.35]","[23985.0, 24066.25]","[3.08, 4.29]",4.0,2.5535449293937957,24,"{'柠檬酸添加比例': 0.0, '置换量': 0.06, '离子液添加量': 0.07, '原液添加比例': 0.91}",746,0.128686327077748,0.10995110248891124
"[8.365, 9.145]","[5.515, 5.545]","[0.0126, 0.0128]","[22.1, 23.35]","[23985.0, 24066.25]","[3.08, 4.29]",2.0,2.3627878172537136,22,"{'柠檬酸添加比例': 0.0, '置换量': 0.06, '离子液添加量': 0.07, '原液添加比例': 0.91}",746,0.128686327077748,0.10995110248891124
"[8.365, 9.145]","[5.445, 5.515]","[0.0125, 0.0126]","[23.65, 24.55]","[23985.0, 24066.25]","[3.08, 4.29]",5.0,8.2553989616508,76,"{'柠檬酸添加比例': 0.0, '置换量': 0.06, '离子液添加量': 0.07, '原液添加比例': 0.91}",746,0.128686327077748,0.10995110248891124
"[9.145, 13.66]","[5.585, 5.625]","[0.0126, 0.0128]","[22.1, 23.35]","[23985.0, 24066.25]","[3.08, 4.29]",3.0,2.1813860023405214,20,"{'柠檬酸添加比例': 0.0, '置换量': 0.06, '离子液添加量': 0.07, '原液添加比例': 0.91}",746,0.128686327077748,0.10995110248891124
"[9.145, 13.66]","[5.445, 5.515]","[0.0125, 0.0126]","[23.65, 24.55]","[23985.0, 24066.25]","[3.08, 4.29]",3.0,2.7287557478005686,25,"{'柠檬酸添加比例': 0.0, '置换量': 0.06, '离子液添加量': 0.07, '原液添加比例': 0.91}",746,0.128686327077748,0.10995110248891124
"[8.365, 9.145]","[5.445, 5.515]","[0.0126, 0.0128]","[23.65, 24.55]","[23985.0, 24066.25]","[3.08, 4.29]",3.0,4.820315279957516,44,"{'柠檬酸添加比例': 0.0, '置换量': 0.06, '离子液添加量': 0.07, '原液添加比例': 0.91}",746,0.128686327077748,0.10995110248891124
"[9.145, 13.66]","[5.32, 5.445]","[0.0125, 0.0126]","[22.1, 23.35]","[24066.25, 24186.25]","[3.08, 4.29]",4.0,2.634189733193001,24,"{'柠檬酸添加比例': 0.0, '置换量': 0.06, '离子液添加量': 0.07, '原液添加比例': 0.91}",746,0.128686327077748,0.10995110248891124
"[8.365, 9.145]","[5.625, 5.705]","[0.0125, 0.0126]","[23.65, 24.55]","[23985.0, 24066.25]","[3.08, 4.29]",2.0,2.7610120924477606,25,"{'柠檬酸添加比例': 0.0, '置换量': 0.06, '离子液添加量': 0.07, '原液添加比例': 0.91}",746,0.128686327077748,0.10995110248891124
"[8.365, 9.145]","[5.515, 5.545]","[0.0126, 0.0128]","[23.65, 24.55]","[23985.0, 24066.25]","[3.08, 4.29]",6.0,2.332699324418765,21,"{'柠檬酸添加比例': 0.0, '置换量': 0.06, '离子液添加量': 0.07, '原液添加比例': 0.91}",746,0.128686327077748,0.10995110248891124
"[8.365, 9.145]","[5.585, 5.625]","[0.0125, 0.0126]","[23.65, 24.55]","[23985.0, 24066.25]","[3.08, 4.29]",3.0,3.3388579582096427,30,"{'柠檬酸添加比例': 0.0, '置换量': 0.06, '离子液添加量': 0.07, '原液添加比例': 0.91}",746,0.128686327077748,0.10995110248891124
"[9.145, 13.66]","[5.515, 5.545]","[0.0126, 0.0128]","[23.65, 24.55]","[23985.0, 24066.25]","[3.08, 4.29]",2.0,2.9017944689344857,26,"{'柠檬酸添加比例': 0.0, '置换量': 0.06, '离子液添加量': 0.07, '原液添加比例': 0.91}",746,0.128686327077748,0.10995110248891124
"[9.145, 13.66]","[5.445, 5.515]","[0.0125, 0.0126]","[23.35, 23.65]","[23985.0, 24066.25]","[3.08, 4.29]",5.0,2.1237096535526505,19,"{'柠檬酸添加比例': 0.0, '置换量': 0.06, '离子液添加量': 0.07, '原液添加比例': 0.91}",746,0.128686327077748,0.10995110248891124
"[9.145, 13.66]","[5.32, 5.445]","[0.0125, 0.0126]","[23.65, 24.55]","[24066.25, 24186.25]","[3.08, 4.29]",5.0,2.8359844880330143,25,"{'柠檬酸添加比例': 0.0, '置换量': 0.06, '离子液添加量': 0.07, '原液添加比例': 0.91}",746,0.128686327077748,0.10995110248891124
"[9.145, 13.66]","[5.445, 5.515]","[0.0125, 0.0126]","[22.1, 23.35]","[24066.25, 24186.25]","[3.08, 4.29]",7.0,5.564402216957602,49,"{'柠檬酸添加比例': 0.0, '置换量': 0.06, '离子液添加量': 0.07, '原液添加比例': 0.91}",746,0.128686327077748,0.10995110248891124
"[8.365, 9.145]","[5.545, 5.585]","[0.0125, 0.0126]","[23.65, 24.55]","[23985.0, 24066.25]","[3.08, 4.29]",6.0,5.228170156584375,46,"{'柠檬酸添加比例': 0.0, '置换量': 0.06, '离子液添加量': 0.07, '原液添加比例': 0.91}",746,0.128686327077748,0.10995110248891124
"[9.145, 13.66]","[5.545, 5.585]","[0.0125, 0.0126]","[23.65, 24.55]","[23985.0, 24066.25]","[3.08, 4.29]",7.0,3.3112905376631327,29,"{'柠檬酸添加比例': 0.0, '置换量': 0.06, '离子液添加量': 0.07, '原液添加比例': 0.91}",746,0.128686327077748,0.10995110248891124
"[9.145, 13.66]","[5.445, 5.515]","[0.0126, 0.0128]","[22.1, 23.35]","[24066.25, 24186.25]","[3.08, 4.29]",1.0,3.5491335294234907,31,"{'柠檬酸添加比例': 0.0, '置换量': 0.06, '离子液添加量': 0.07, '原液添加比例': 0.91}",746,0.128686327077748,0.10995110248891124
"[8.365, 9.145]","[5.545, 5.585]","[0.0126, 0.0128]","[23.65, 24.55]","[23985.0, 24066.25]","[3.08, 4.29]",3.0,2.979205382925802,26,"{'柠檬酸添加比例': 0.0, '置换量': 0.06, '离子液添加量': 0.07, '原液添加比例': 0.91}",746,0.128686327077748,0.10995110248891124
"[9.145, 13.66]","[5.545, 5.585]","[0.0125, 0.0126]","[23.35, 23.65]","[23985.0, 24066.25]","[3.08, 4.29]",6.0,3.1537726572627043,27,"{'柠檬酸添加比例': 0.0, '置换量': 0.06, '离子液添加量': 0.07, '原液添加比例': 0.91}",746,0.128686327077748,0.10995110248891124
"[8.365, 9.145]","[5.545, 5.585]","[0.0126, 0.0128]","[23.35, 23.65]","[23985.0, 24066.25]","[3.08, 4.29]",3.0,2.8130108352106844,24,"{'柠檬酸添加比例': 0.0, '置换量': 0.06, '离子液添加量': 0.07, '原液添加比例': 0.91}",746,0.128686327077748,0.10995110248891124
"[6.995, 7.525]","[5.585, 5.625]","[0.0122, 0.0125]","[25.15, 29.9]","[23092.5, 23882.5]","[5.065, 6.93]",2.0,2.494890523156108,27,"{'柠檬酸添加比例': 0.0, '置换量': 0.05, '离子液添加量': 0.0, '原液添加比例': 0.67}",215,0.07441860465116279,0.09817179362187514
"[6.995, 7.525]","[5.585, 5.625]","[0.0122, 0.0125]","[24.55, 24.75]","[23092.5, 23882.5]","[5.065, 6.93]",6.0,5.594000534459213,58,"{'柠檬酸添加比例': 0.0, '置换量': 0.05, '离子液添加量': 0.0, '原液添加比例': 0.67}",215,0.07441860465116279,0.09817179362187514
"[6.995, 7.525]","[5.625, 5.705]","[0.0125, 0.0126]","[24.55, 24.75]","[23092.5, 23882.5]","[5.065, 6.93]",0.0,2.433033182640445,25,"{'柠檬酸添加比例': 0.0, '置换量': 0.05, '离子液添加量': 0.0, '原液添加比例': 0.67}",215,0.07441860465116279,0.09817179362187514
"[6.995, 7.525]","[5.585, 5.625]","[0.0125, 0.0126]","[24.55, 24.75]","[23092.5, 23882.5]","[5.065, 6.93]",3.0,3.4361638108476753,35,"{'柠檬酸添加比例': 0.0, '置换量': 0.05, '离子液添加量': 0.0, '原液添加比例': 0.67}",215,0.07441860465116279,0.09817179362187514
"[6.32, 6.995]","[5.625, 5.705]","[0.0125, 0.0126]","[23.65, 24.55]","[23092.5, 23882.5]","[5.065, 6.93]",2.0,3.9401133568462496,39,"{'柠檬酸添加比例': 0.0, '置换量': 0.05, '离子液添加量': 0.0, '原液添加比例': 0.67}",215,0.07441860465116279,0.09817179362187514
"[6.32, 6.995]","[5.545, 5.585]","[0.0125, 0.0126]","[24.55, 24.75]","[23092.5, 23882.5]","[5.065, 6.93]",3.0,3.208734220753465,31,"{'柠檬酸添加比例': 0.0, '置换量': 0.05, '离子液添加量': 0.0, '原液添加比例': 0.67}",215,0.07441860465116279,0.09817179362187514
"[8.365, 9.145]","[5.625, 5.705]","[0.0122, 0.0125]","[23.35, 23.65]","[23092.5, 23882.5]","[4.935, 5.065]",4.0,1.6002019821176292,17,"{'柠檬酸添加比例': 0.0, '置换量': 0.0547, '离子液添加量': 0.06, '原液添加比例': 0.62}",52,0.15384615384615385,0.09563372549989382
"[8.365, 9.145]","[5.585, 5.625]","[0.0122, 0.0125]","[23.35, 23.65]","[23092.5, 23882.5]","[4.935, 5.065]",4.0,1.7097175788408876,18,"{'柠檬酸添加比例': 0.0, '置换量': 0.0547, '离子液添加量': 0.06, '原液添加比例': 0.62}",52,0.15384615384615385,0.09563372549989382
"[8.365, 9.145]","[5.585, 5.625]","[0.0121, 0.0122]","[23.35, 23.65]","[23092.5, 23882.5]","[4.29, 4.935]",0.0,1.464972392105902,15,"{'柠檬酸添加比例': 0.0, '置换量': 0.0547, '离子液添加量': 0.06, '原液添加比例': 0.62}",52,0.15384615384615385,0.09563372549989382
"[8.365, 9.145]","[5.585, 5.625]","[0.0122, 0.0125]","[23.35, 23.65]","[23092.5, 23882.5]","[4.29, 4.935]",0.0,0.19806177293006041,2,"{'柠檬酸添加比例': 0.0, '置换量': 0.0547, '离子液添加量': 0.06, '原液添加比例': 0.62}",52,0.15384615384615385,0.09563372549989382
"[7.525, 7.76]","[5.765, 5.95]","[0.0122, 0.0125]","[24.75, 25.15]","[23985.0, 24066.25]","[4.29, 4.935]",1.0,5.014630853584933,53,"{'柠檬酸添加比例': 0.0, '置换量': 0.05, '离子液添加量': 0.07, '原液添加比例': 0.73}",244,0.11475409836065574,0.09965113000431855
"[7.525, 7.76]","[5.765, 5.95]","[0.0122, 0.0125]","[24.55, 24.75]","[23985.0, 24066.25]","[4.29, 4.935]",3.0,4.69566014786811,49,"{'柠檬酸添加比例': 0.0, '置换量': 0.05, '离子液添加量': 0.07, '原液添加比例': 0.73}",244,0.11475409836065574,0.09965113000431855
"[7.76, 8.365]","[5.765, 5.95]","[0.0122, 0.0125]","[23.65, 24.55]","[23985.0, 24066.25]","[4.29, 4.935]",11.0,9.07871275918149,89,"{'柠檬酸添加比例': 0.0, '置换量': 0.05, '离子液添加量': 0.07, '原液添加比例': 0.73}",244,0.11475409836065574,0.09965113000431855
"[6.995, 7.525]","[5.765, 5.95]","[0.0122, 0.0125]","[23.65, 24.55]","[23985.0, 24066.25]","[4.29, 4.935]",4.0,2.3869128331086618,23,"{'柠檬酸添加比例': 0.0, '置换量': 0.05, '离子液添加量': 0.07, '原液添加比例': 0.73}",244,0.11475409836065574,0.09965113000431855
"[7.76, 8.365]","[5.765, 5.95]","[0.0122, 0.0125]","[23.35, 23.65]","[23985.0, 24066.25]","[4.29, 4.935]",9.0,3.1389591273105335,30,"{'柠檬酸添加比例': 0.0, '置换量': 0.05, '离子液添加量': 0.07, '原液添加比例': 0.73}",244,0.11475409836065574,0.09965113000431855
"[6.995, 7.525]","[5.625, 5.705]","[0.0126, 0.0128]","[24.55, 24.75]","[23092.5, 23882.5]","[5.065, 6.93]",0.0,1.866755258375693,19,"{'柠檬酸添加比例': 0.0, '置换量': 0.0451, '离子液添加量': 0.06, '原液添加比例': 0.64}",568,0.1267605633802817,0.10688412453932715
"[6.995, 7.525]","[5.585, 5.625]","[0.0125, 0.0126]","[23.65, 24.55]","[23092.5, 23882.5]","[5.065, 6.93]",1.0,2.0771622953748086,21,"{'柠檬酸添加比例': 0.0, '置换量': 0.0451, '离子液添加量': 0.06, '原液添加比例': 0.64}",568,0.1267605633802817,0.10688412453932715
"[6.995, 7.525]","[5.625, 5.705]","[0.0126, 0.0128]","[23.65, 24.55]","[23092.5, 23882.5]","[5.065, 6.93]",0.0,1.8807465044927343,19,"{'柠檬酸添加比例': 0.0, '置换量': 0.0451, '离子液添加量': 0.06, '原液添加比例': 0.64}",568,0.1267605633802817,0.10688412453932715
"[6.32, 6.995]","[5.625, 5.705]","[0.0126, 0.0128]","[24.75, 25.15]","[23092.5, 23882.5]","[5.065, 6.93]",3.0,2.600181824097246,26,"{'柠檬酸添加比例': 0.0, '置换量': 0.0451, '离子液添加量': 0.06, '原液添加比例': 0.64}",568,0.1267605633802817,0.10688412453932715
"[6.32, 6.995]","[5.705, 5.765]","[0.0126, 0.0128]","[23.65, 24.55]","[23882.5, 23985.0]","[5.065, 6.93]",3.0,1.512328985973272,15,"{'柠檬酸添加比例': 0.0, '置换量': 0.0451, '离子液添加量': 0.06, '原液添加比例': 0.64}",568,0.1267605633802817,0.10688412453932715
"[6.32, 6.995]","[5.585, 5.625]","[0.0126, 0.0128]","[23.65, 24.55]","[23092.5, 23882.5]","[5.065, 6.93]",2.0,2.056245572763685,20,"{'柠檬酸添加比例': 0.0, '置换量': 0.0451, '离子液添加量': 0.06, '原液添加比例': 0.64}",568,0.1267605633802817,0.10688412453932715
"[6.32, 6.995]","[5.625, 5.705]","[0.0126, 0.0128]","[22.1, 23.35]","[24408.75, 24675.0]","[5.065, 6.93]",1.0,1.5562869928906817,15,"{'柠檬酸添加比例': 0.0, '置换量': 0.0451, '离子液添加量': 0.06, '原液添加比例': 0.64}",568,0.1267605633802817,0.10688412453932715
"[6.32, 6.995]","[5.705, 5.765]","[0.0126, 0.0128]","[24.75, 25.15]","[24408.75, 24675.0]","[5.065, 6.93]",3.0,2.498079829105252,24,"{'柠檬酸添加比例': 0.0, '置换量': 0.0451, '离子液添加量': 0.06, '原液添加比例': 0.64}",568,0.1267605633802817,0.10688412453932715
"[6.995, 7.525]","[5.625, 5.705]","[0.0126, 0.0128]","[23.65, 24.55]","[24408.75, 24675.0]","[5.065, 6.93]",2.0,2.2981882271277816,22,"{'柠檬酸添加比例': 0.0, '置换量': 0.0451, '离子液添加量': 0.06, '原液添加比例': 0.64}",568,0.1267605633802817,0.10688412453932715
"[6.32, 6.995]","[5.625, 5.705]","[0.0126, 0.0128]","[23.35, 23.65]","[23092.5, 23882.5]","[5.065, 6.93]",4.0,2.6145364860665476,25,"{'柠檬酸添加比例': 0.0, '置换量': 0.0451, '离子液添加量': 0.06, '原液添加比例': 0.64}",568,0.1267605633802817,0.10688412453932715
"[6.32, 6.995]","[5.705, 5.765]","[0.0126, 0.0128]","[24.55, 24.75]","[24408.75, 24675.0]","[5.065, 6.93]",3.0,2.211316421987431,21,"{'柠檬酸添加比例': 0.0, '置换量': 0.0451, '离子液添加量': 0.06, '原液添加比例': 0.64}",568,0.1267605633802817,0.10688412453932715
"[6.32, 6.995]","[5.625, 5.705]","[0.0126, 0.0128]","[24.55, 24.75]","[24408.75, 24675.0]","[5.065, 6.93]",3.0,2.133951175794864,20,"{'柠檬酸添加比例': 0.0, '置换量': 0.0451, '离子液添加量': 0.06, '原液添加比例': 0.64}",568,0.1267605633802817,0.10688412453932715
"[6.32, 6.995]","[5.625, 5.705]","[0.0126, 0.0128]","[23.65, 24.55]","[24408.75, 24675.0]","[5.065, 6.93]",13.0,9.454186734460542,88,"{'柠檬酸添加比例': 0.0, '置换量': 0.0451, '离子液添加量': 0.06, '原液添加比例': 0.64}",568,0.1267605633802817,0.10688412453932715
"[6.32, 6.995]","[5.585, 5.625]","[0.0126, 0.0128]","[23.65, 24.55]","[24408.75, 24675.0]","[5.065, 6.93]",4.0,3.7901052609024037,35,"{'柠檬酸添加比例': 0.0, '置换量': 0.0451, '离子液添加量': 0.06, '原液添加比例': 0.64}",568,0.1267605633802817,0.10688412453932715
"[6.995, 7.525]","[5.625, 5.705]","[0.0125, 0.0126]","[23.65, 24.55]","[24186.25, 24408.75]","[5.065, 6.93]",3.0,2.1924332015863217,20,"{'柠檬酸添加比例': 0.0, '置换量': 0.0451, '离子液添加量': 0.06, '原液添加比例': 0.64}",568,0.1267605633802817,0.10688412453932715
"[6.32, 6.995]","[5.625, 5.705]","[0.0126, 0.0128]","[23.35, 23.65]","[24408.75, 24675.0]","[5.065, 6.93]",6.0,6.3833583475836875,58,"{'柠檬酸添加比例': 0.0, '置换量': 0.0451, '离子液添加量': 0.06, '原液添加比例': 0.64}",568,0.1267605633802817,0.10688412453932715
"[6.32, 6.995]","[5.585, 5.625]","[0.0126, 0.0128]","[24.75, 25.15]","[24186.25, 24408.75]","[5.065, 6.93]",5.0,4.272177595956097,38,"{'柠檬酸添加比例': 0.0, '置换量': 0.0451, '离子液添加量': 0.06, '原液添加比例': 0.64}",568,0.1267605633802817,0.10688412453932715
"[6.32, 6.995]","[5.625, 5.705]","[0.0126, 0.0128]","[24.55, 24.75]","[24186.25, 24408.75]","[5.065, 6.93]",4.0,2.3684864088264947,21,"{'柠檬酸添加比例': 0.0, '置换量': 0.0451, '离子液添加量': 0.06, '原液添加比例': 0.64}",568,0.1267605633802817,0.10688412453932715
"[7.525, 7.76]","[5.625, 5.705]","[0.0126, 0.0128]","[23.35, 23.65]","[24066.25, 24186.25]","[5.065, 6.93]",3.0,2.498446652383724,22,"{'柠檬酸添加比例': 0.0, '置换量': 0.0451, '离子液添加量': 0.06, '原液添加比例': 0.64}",568,0.1267605633802817,0.10688412453932715
"[6.32, 6.995]","[5.585, 5.625]","[0.0126, 0.0128]","[24.55, 24.75]","[24186.25, 24408.75]","[5.065, 6.93]",4.0,2.386436821917126,21,"{'柠檬酸添加比例': 0.0, '置换量': 0.0451, '离子液添加量': 0.06, '原液添加比例': 0.64}",568,0.1267605633802817,0.10688412453932715
"[6.32, 6.995]","[5.585, 5.625]","[0.0126, 0.0128]","[23.65, 24.55]","[24186.25, 24408.75]","[5.065, 6.93]",5.0,2.0587721406714254,18,"{'柠檬酸添加比例': 0.0, '置换量': 0.0451, '离子液添加量': 0.06, '原液添加比例': 0.64}",568,0.1267605633802817,0.10688412453932715
"[7.525, 7.76]","[5.765, 5.95]","[0.0125, 0.0126]","[23.65, 24.55]","[24186.25, 24408.75]","[4.29, 4.935]",2.0,2.469516338902305,25,"{'柠檬酸添加比例': 0.0, '置换量': 0.0547, '离子液添加量': 0.07, '原液添加比例': 0.82}",381,0.10761154855643044,0.10330112883416798
"[6.995, 7.525]","[5.765, 5.95]","[0.0122, 0.0125]","[25.15, 29.9]","[23985.0, 24066.25]","[4.29, 4.935]",3.0,2.573935132309651,26,"{'柠檬酸添加比例': 0.0, '置换量': 0.0547, '离子液添加量': 0.07, '原液添加比例': 0.82}",381,0.10761154855643044,0.10330112883416798
"[7.76, 8.365]","[5.765, 5.95]","[0.0122, 0.0125]","[24.75, 25.15]","[23985.0, 24066.25]","[4.29, 4.935]",1.0,2.501437617554967,25,"{'柠檬酸添加比例': 0.0, '置换量': 0.0547, '离子液添加量': 0.07, '原液添加比例': 0.82}",381,0.10761154855643044,0.10330112883416798
"[7.76, 8.365]","[5.765, 5.95]","[0.0125, 0.0126]","[24.55, 24.75]","[24186.25, 24408.75]","[4.29, 4.935]",4.0,3.2080691124302296,31,"{'柠檬酸添加比例': 0.0, '置换量': 0.0547, '离子液添加量': 0.07, '原液添加比例': 0.82}",381,0.10761154855643044,0.10330112883416798
"[7.76, 8.365]","[5.765, 5.95]","[0.0125, 0.0126]","[23.65, 24.55]","[24186.25, 24408.75]","[4.29, 4.935]",27.0,25.742952998562405,247,"{'柠檬酸添加比例': 0.0, '置换量': 0.0547, '离子液添加量': 0.07, '原液添加比例': 0.82}",381,0.10761154855643044,0.10330112883416798
"[6.995, 7.525]","[5.765, 5.95]","[0.0125, 0.0126]","[23.65, 24.55]","[24186.25, 24408.75]","[4.29, 4.935]",4.0,2.8618188860584413,27,"{'柠檬酸添加比例': 0.0, '置换量': 0.0547, '离子液添加量': 0.07, '原液添加比例': 0.82}",381,0.10761154855643044,0.10330112883416798
"[7.76, 8.365]","[5.765, 5.95]","[0.0126, 0.0128]","[22.1, 23.35]","[24186.25, 24408.75]","[4.29, 4.935]",2.0,0.4058798290197667,4,"{'柠檬酸添加比例': 0.0, '置换量': 0.06, '离子液添加量': 0.07, '原液添加比例': 0.85}",644,0.13043478260869565,0.11188486018128597
"[7.76, 8.365]","[5.765, 5.95]","[0.0125, 0.0126]","[24.75, 25.15]","[24186.25, 24408.75]","[4.29, 4.935]",4.0,3.068159338428776,30,"{'柠檬酸添加比例': 0.0, '置换量': 0.06, '离子液添加量': 0.07, '原液添加比例': 0.85}",644,0.13043478260869565,0.11188486018128597
"[7.76, 8.365]","[5.765, 5.95]","[0.0126, 0.0128]","[22.1, 23.35]","[24186.25, 24408.75]","[3.08, 4.29]",12.0,8.698466505215753,84,"{'柠檬酸添加比例': 0.0, '置换量': 0.06, '离子液添加量': 0.07, '原液添加比例': 0.85}",644,0.13043478260869565,0.11188486018128597
"[7.76, 8.365]","[5.625, 5.705]","[0.0126, 0.0128]","[25.15, 29.9]","[24186.25, 24408.75]","[3.08, 4.29]",2.0,2.8345805424985278,27,"{'柠檬酸添加比例': 0.0, '置换量': 0.06, '离子液添加量': 0.07, '原液添加比例': 0.85}",644,0.13043478260869565,0.11188486018128597
"[7.76, 8.365]","[5.765, 5.95]","[0.0125, 0.0126]","[23.65, 24.55]","[24186.25, 24408.75]","[3.08, 4.29]",5.0,5.846813346096499,55,"{'柠檬酸添加比例': 0.0, '置换量': 0.06, '离子液添加量': 0.07, '原液添加比例': 0.85}",644,0.13043478260869565,0.11188486018128597
"[7.76, 8.365]","[5.705, 5.765]","[0.0126, 0.0128]","[24.75, 25.15]","[24186.25, 24408.75]","[3.08, 4.29]",3.0,5.320924883034449,50,"{'柠檬酸添加比例': 0.0, '置换量': 0.06, '离子液添加量': 0.07, '原液添加比例': 0.85}",644,0.13043478260869565,0.11188486018128597
"[7.76, 8.365]","[5.765, 5.95]","[0.0125, 0.0126]","[23.35, 23.65]","[24186.25, 24408.75]","[4.29, 4.935]",2.0,2.6711611038944576,25,"{'柠檬酸添加比例': 0.0, '置换量': 0.06, '离子液添加量': 0.07, '原液添加比例': 0.85}",644,0.13043478260869565,0.11188486018128597
"[8.365, 9.145]","[5.625, 5.705]","[0.0126, 0.0128]","[25.15, 29.9]","[24186.25, 24408.75]","[3.08, 4.29]",5.0,2.89101875889269,27,"{'柠檬酸添加比例': 0.0, '置换量': 0.06, '离子液添加量': 0.07, '原液添加比例': 0.85}",644,0.13043478260869565,0.11188486018128597
"[7.76, 8.365]","[5.765, 5.95]","[0.0126, 0.0128]","[23.35, 23.65]","[24186.25, 24408.75]","[3.08, 4.29]",3.0,2.966182443890302,27,"{'柠檬酸添加比例': 0.0, '置换量': 0.06, '离子液添加量': 0.07, '原液添加比例': 0.85}",644,0.13043478260869565,0.11188486018128597
"[8.365, 9.145]","[5.625, 5.705]","[0.0126, 0.0128]","[22.1, 23.35]","[24066.25, 24186.25]","[3.08, 4.29]",8.0,6.020478472028143,52,"{'柠檬酸添加比例': 0.0, '置换量': 0.06, '离子液添加量': 0.07, '原液添加比例': 0.85}",644,0.13043478260869565,0.11188486018128597
"[7.76, 8.365]","[5.625, 5.705]","[0.0126, 0.0128]","[23.65, 24.55]","[24066.25, 24186.25]","[3.08, 4.29]",9.0,5.985849692570338,51,"{'柠檬酸添加比例': 0.0, '置换量': 0.06, '离子液添加量': 0.07, '原液添加比例': 0.85}",644,0.13043478260869565,0.11188486018128597
"[8.365, 9.145]","[5.625, 5.705]","[0.0126, 0.0128]","[24.75, 25.15]","[24066.25, 24186.25]","[3.08, 4.29]",6.0,3.1727538620478666,27,"{'柠檬酸添加比例': 0.0, '置换量': 0.06, '离子液添加量': 0.07, '原液添加比例': 0.85}",644,0.13043478260869565,0.11188486018128597
"[8.365, 9.145]","[5.625, 5.705]","[0.0125, 0.0126]","[23.65, 24.55]","[24066.25, 24186.25]","[3.08, 4.29]",9.0,6.63773357380011,56,"{'柠檬酸添加比例': 0.0, '置换量': 0.06, '离子液添加量': 0.07, '原液添加比例': 0.85}",644,0.13043478260869565,0.11188486018128597
"[7.76, 8.365]","[5.625, 5.705]","[0.0125, 0.0126]","[23.35, 23.65]","[24066.25, 24186.25]","[3.08, 4.29]",2.0,2.9766153686082273,25,"{'柠檬酸添加比例': 0.0, '置换量': 0.06, '离子液添加量': 0.07, '原液添加比例': 0.85}",644,0.13043478260869565,0.11188486018128597
"[8.365, 9.145]","[5.625, 5.705]","[0.0126, 0.0128]","[23.65, 24.55]","[24066.25, 24186.25]","[3.08, 4.29]",6.0,6.211915118551978,52,"{'柠檬酸添加比例': 0.0, '置换量': 0.06, '离子液添加量': 0.07, '原液添加比例': 0.85}",644,0.13043478260869565,0.11188486018128597
"[8.365, 9.145]","[5.545, 5.585]","[0.0126, 0.0128]","[24.55, 24.75]","[24066.25, 24186.25]","[3.08, 4.29]",3.0,2.560717194477405,21,"{'柠檬酸添加比例': 0.0, '置换量': 0.06, '离子液添加量': 0.07, '原液添加比例': 0.85}",644,0.13043478260869565,0.11188486018128597
"[8.365, 9.145]","[5.625, 5.705]","[0.0126, 0.0128]","[23.35, 23.65]","[24066.25, 24186.25]","[3.08, 4.29]",3.0,3.784599923692869,31,"{'柠檬酸添加比例': 0.0, '置换量': 0.06, '离子液添加量': 0.07, '原液添加比例': 0.85}",644,0.13043478260869565,0.11188486018128597
