成品电导率,成品PH值,成品浓度,成品浊度,成品温度,成品表面张力,成品COD,异常率
14.222500095367431,5.4425000476837155,0.012799999909475446,41.25,25.350000381469727,27.899999618530273,23880.625,0.192105693377914
14.222500095367431,5.4425000476837155,0.012799999909475446,74.47499961853028,25.850000381469727,28.174999904632568,23880.625,0.19261596273766557
14.222500095367431,5.4425000476837155,0.012799999909475446,74.47499961853028,25.350000381469727,27.899999618530273,23880.625,0.19268958300860234
6.982499980926514,6.060000061988831,0.012799999909475446,29.574999618530274,27.025000286102294,28.174999904632568,24178.125,0.19341030775866708
14.222500095367431,5.4425000476837155,0.01269999984651804,74.47499961853028,25.350000381469727,28.174999904632568,23880.625,0.19356178602363788
14.222500095367431,5.4425000476837155,0.012799999909475446,41.25,25.100000381469727,28.174999904632568,23880.625,0.19379466516252075
14.222500095367431,5.4425000476837155,0.012799999909475446,74.47499961853028,25.350000381469727,28.174999904632568,23880.625,0.19393570403254146
14.222500095367431,5.4425000476837155,0.012799999909475446,74.47499961853028,24.02500009536743,27.899999618530273,23880.625,0.19416915949430646
14.222500095367431,5.4425000476837155,0.012799999909475446,74.47499961853028,25.100000381469727,28.174999904632568,23880.625,0.1943785547932091
14.222500095367431,5.4425000476837155,0.012799999909475446,74.47499961853028,24.02500009536743,27.774999713897706,23880.625,0.19473919087668262
14.222500095367431,5.4425000476837155,0.012799999909475446,41.25,24.02500009536743,28.174999904632568,23880.625,0.19483139088755724
14.222500095367431,5.4425000476837155,0.01269999984651804,74.47499961853028,24.02500009536743,28.174999904632568,23880.625,0.19504136250934195
14.222500095367431,5.4425000476837155,0.012799999909475446,74.47499961853028,24.02500009536743,28.174999904632568,23880.625,0.19541528051824558
6.982499980926514,6.2424999666213985,0.01269999984651804,29.574999618530274,27.025000286102294,27.899999618530273,24698.75,0.19595580533906717
6.982499980926514,6.060000061988831,0.01269999984651804,29.574999618530274,25.850000381469727,27.899999618530273,24178.125,0.19643374552730122
14.222500095367431,5.4425000476837155,0.012925000028684736,41.25,24.02500009536743,27.899999618530273,23880.625,0.19646738848833623
8.022499918937683,6.149999976158142,0.01269999984651804,74.47499961853028,27.025000286102294,27.899999618530273,24178.125,0.19651372279736865
6.982499980926514,6.060000061988831,0.012799999909475446,29.574999618530274,25.850000381469727,27.899999618530273,24178.125,0.19680766353620485
7.485000014305115,6.149999976158142,0.01269999984651804,41.25,25.850000381469727,27.899999618530273,24178.125,0.1982458357169251
6.982499980926514,6.149999976158142,0.012799999909475446,74.47499961853028,25.850000381469727,27.774999713897706,24178.125,0.19827217850501577
14.222500095367431,5.4425000476837155,0.012925000028684736,74.47499961853028,24.02500009536743,28.174999904632568,23880.625,0.19829739914296368
6.982499980926514,6.149999976158142,0.01269999984651804,74.47499961853028,25.850000381469727,28.174999904632568,24178.125,0.19857435013767513
7.485000014305115,6.149999976158142,0.012799999909475446,41.25,25.850000381469727,27.899999618530273,24178.125,0.19861975372582874
14.222500095367431,5.4425000476837155,0.012799999909475446,49.84999942779541,24.02500009536743,28.174999904632568,23880.625,0.19916235012367128
6.982499980926514,6.2424999666213985,0.012424999965727329,29.574999618530274,27.025000286102294,27.774999713897706,24698.75,0.19918493059270012
8.022499918937683,6.060000061988831,0.01269999984651804,74.47499961853028,27.025000286102294,27.899999618530273,24178.125,0.19933159555293703
7.485000014305115,6.149999976158142,0.01269999984651804,74.47499961853028,25.850000381469727,28.174999904632568,24178.125,0.2000758463715526
6.982499980926514,6.060000061988831,0.01269999984651804,41.25,25.850000381469727,27.774999713897706,24178.125,0.20013224362099222
6.982499980926514,6.2424999666213985,0.01269999984651804,41.25,27.025000286102294,28.174999904632568,24698.75,0.20033039307432113
6.982499980926514,6.060000061988831,0.01269999984651804,41.25,25.850000381469727,28.174999904632568,24178.125,0.20080833326255518
7.620000004768372,6.149999976158142,0.012799999909475446,74.47499961853028,25.850000381469727,28.174999904632568,24178.125,0.20112376300833482
6.982499980926514,6.2424999666213985,0.01269999984651804,29.574999618530274,25.850000381469727,27.774999713897706,24698.75,0.20116931352292028
6.982499980926514,6.060000061988831,0.012799999909475446,41.25,25.850000381469727,28.174999904632568,24178.125,0.2011822512714588
6.982499980926514,6.149999976158142,0.01269999984651804,49.84999942779541,25.850000381469727,27.774999713897706,24178.125,0.20164533010153787
6.982499980926514,6.149999976158142,0.01269999984651804,41.25,27.025000286102294,28.174999904632568,23880.625,0.2017017738337017
7.620000004768372,6.060000061988831,0.01269999984651804,41.25,25.850000381469727,27.899999618530273,24178.125,0.20173770710037212
7.429999947547913,6.2424999666213985,0.01269999984651804,29.574999618530274,25.850000381469727,28.174999904632568,24698.75,0.2020057019233098
7.485000014305115,6.2424999666213985,0.01269999984651804,29.574999618530274,25.850000381469727,27.899999618530273,24698.75,0.20210077837442156
6.982499980926514,6.149999976158142,0.012925000028684736,29.574999618530274,27.025000286102294,28.174999904632568,24698.75,0.20237252837701272
7.485000014305115,6.149999976158142,0.01269999984651804,74.47499961853028,27.025000286102294,27.899999618530273,23880.625,0.20254103867432838
7.485000014305115,6.2424999666213985,0.01269999984651804,29.574999618530274,25.850000381469727,27.774999713897706,24698.75,0.20267080975679774
7.429999947547913,6.149999976158142,0.01269999984651804,29.574999618530274,25.850000381469727,27.899999618530273,24698.75,0.2026741462797553
7.620000004768372,6.060000061988831,0.01269999984651804,41.25,25.850000381469727,28.174999904632568,24178.125,0.2029838281243113
7.485000014305115,6.149999976158142,0.01269999984651804,74.47499961853028,27.025000286102294,27.774999713897706,23880.625,0.20311107005670453
6.982499980926514,6.2424999666213985,0.01269999984651804,29.574999618530274,25.350000381469727,28.174999904632568,24698.75,0.20316514445935913
6.982499980926514,6.2424999666213985,0.01269999984651804,41.25,25.850000381469727,27.899999618530273,24698.75,0.2037277488518589
6.982499980926514,6.149999976158142,0.01269999984651804,29.574999618530274,25.850000381469727,28.174999904632568,24698.75,0.20375996854486794
6.982499980926514,6.2424999666213985,0.012424999965727329,29.574999618530274,25.850000381469727,27.774999713897706,24698.75,0.20382840739417704
6.982499980926514,6.149999976158142,0.01269999984651804,29.574999618530274,25.350000381469727,27.899999618530273,24698.75,0.20383358881580466
11.81000018119812,5.4425000476837155,0.01269999984651804,74.47499961853028,25.850000381469727,27.899999618530273,23880.625,0.20447522060194728
7.485000014305115,6.149999976158142,0.01269999984651804,29.574999618530274,25.850000381469727,27.774999713897706,24698.75,0.20458537513718245
8.022499918937683,6.060000061988831,0.012799999909475446,41.25,25.850000381469727,28.174999904632568,24178.125,0.2050112217565684
7.485000014305115,6.149999976158142,0.012424999965727329,41.25,27.025000286102294,27.899999618530273,24698.75,0.20515942753590088
7.620000004768372,6.149999976158142,0.01269999984651804,29.574999618530274,25.850000381469727,27.774999713897706,24698.75,0.20525937376506104
7.485000014305115,6.149999976158142,0.01269999984651804,29.574999618530274,25.850000381469727,28.174999904632568,24698.75,0.2052614647787454
6.982499980926514,6.149999976158142,0.01269999984651804,29.574999618530274,24.02500009536743,27.899999618530273,24698.75,0.20531316530150878
8.022499918937683,6.149999976158142,0.01269999984651804,74.47499961853028,27.025000286102294,27.899999618530273,24698.75,0.20541169754656458
11.81000018119812,5.4425000476837155,0.012799999909475446,74.47499961853028,25.850000381469727,27.774999713897706,23880.625,0.20541916999322712
7.620000004768372,6.2424999666213985,0.012424999965727329,29.574999618530274,25.850000381469727,27.899999618530273,24698.75,0.20543387087355694
6.982499980926514,6.149999976158142,0.01269999984651804,74.47499961853028,25.850000381469727,27.899999618530273,23880.625,0.20568301924192778
11.81000018119812,5.4425000476837155,0.01269999984651804,74.47499961853028,25.850000381469727,28.174999904632568,23880.625,0.20572134162588646
7.620000004768372,6.2424999666213985,0.012424999965727329,74.47499961853028,27.025000286102294,28.174999904632568,24698.75,0.20574887143802228
7.620000004768372,6.2424999666213985,0.01269999984651804,29.574999618530274,25.100000381469727,28.174999904632568,24698.75,0.20578349008178284
7.429999947547913,6.149999976158142,0.012424999965727329,29.574999618530274,25.850000381469727,27.774999713897706,24698.75,0.20590327153338828
7.620000004768372,6.149999976158142,0.01269999984651804,29.574999618530274,25.350000381469727,27.899999618530273,24698.75,0.20600908367756074
7.485000014305115,6.149999976158142,0.012424999965727329,41.25,27.025000286102294,28.174999904632568,24698.75,0.20640554855984003
6.982499980926514,6.149999976158142,0.012424999965727329,29.574999618530274,25.850000381469727,28.174999904632568,24698.75,0.20641906241612473
7.429999947547913,6.2424999666213985,0.01269999984651804,41.25,25.350000381469727,28.174999904632568,24698.75,0.20645390992950044
7.485000014305115,6.2424999666213985,0.01269999984651804,41.25,25.850000381469727,28.174999904632568,24698.75,0.20647536610967554
7.485000014305115,6.060000061988831,0.012799999909475446,29.574999618530274,27.025000286102294,28.174999904632568,25518.75,0.20652711490822698
7.429999947547913,6.149999976158142,0.01269999984651804,29.574999618530274,24.02500009536743,28.174999904632568,24698.75,0.20671958508427446
7.620000004768372,6.2424999666213985,0.012424999965727329,29.574999618530274,25.350000381469727,27.899999618530273,24698.75,0.20675361216843283
14.222500095367431,5.754999995231628,0.012799999909475446,74.47499961853028,25.850000381469727,28.174999904632568,23880.625,0.20679942061370615
7.620000004768372,6.2424999666213985,0.01269999984651804,29.574999618530274,24.02500009536743,28.174999904632568,24698.75,0.20682021580681934
6.982499980926514,6.149999976158142,0.01269999984651804,41.25,25.850000381469727,28.174999904632568,24698.75,0.20688843525618272
6.982499980926514,6.060000061988831,0.012799999909475446,29.574999618530274,25.850000381469727,28.174999904632568,24698.75,0.20695175930933996
6.982499980926514,6.2424999666213985,0.012424999965727329,41.25,25.850000381469727,27.774999713897706,24698.75,0.20695687410549185
6.982499980926514,6.149999976158142,0.012925000028684736,29.574999618530274,25.850000381469727,28.174999904632568,24698.75,0.20701600517848967
7.620000004768372,6.2424999666213985,0.01269999984651804,41.25,25.850000381469727,28.174999904632568,24698.75,0.20714936473755413
7.485000014305115,6.149999976158142,0.01269999984651804,74.47499961853028,25.850000381469727,27.899999618530273,23880.625,0.2071845154758053
6.982499980926514,6.149999976158142,0.012799999909475446,41.25,25.850000381469727,28.174999904632568,24698.75,0.20726235326508635
11.81000018119812,5.4425000476837155,0.012799999909475446,74.47499961853028,25.350000381469727,28.174999904632568,23880.625,0.20741500092966597
7.429999947547913,6.149999976158142,0.012799999909475446,41.25,25.850000381469727,28.174999904632568,24698.75,0.20742265202391286
8.022499918937683,6.149999976158142,0.01269999984651804,29.574999618530274,25.850000381469727,28.174999904632568,24698.75,0.20758893902997755
6.982499980926514,6.2424999666213985,0.012424999965727329,41.25,25.850000381469727,28.174999904632568,24698.75,0.2076329637470548
11.81000018119812,5.4425000476837155,0.012799999909475446,74.47499961853028,24.02500009536743,27.899999618530273,23880.625,0.20764845639143092
7.620000004768372,6.149999976158142,0.012424999965727329,74.47499961853028,27.025000286102294,28.174999904632568,24698.75,0.20766343681840696
7.620000004768372,6.2424999666213985,0.01269999984651804,74.47499961853028,25.850000381469727,28.174999904632568,24698.75,0.20773325436824247
7.620000004768372,6.149999976158142,0.01269999984651804,41.25,25.850000381469727,27.899999618530273,24698.75,0.20781780909399966
11.81000018119812,5.4425000476837155,0.012799999909475446,74.47499961853028,25.100000381469727,28.174999904632568,23880.625,0.2078578516903336
7.620000004768372,6.149999976158142,0.01269999984651804,74.47499961853028,25.850000381469727,27.899999618530273,23880.625,0.2078585141036839
6.982499980926514,6.060000061988831,0.01269999984651804,29.574999618530274,25.350000381469727,28.174999904632568,24698.75,0.20789758259531219
7.485000014305115,6.149999976158142,0.01269999984651804,29.574999618530274,24.02500009536743,28.174999904632568,24698.75,0.20806078255932542
7.620000004768372,6.149999976158142,0.012799999909475446,29.574999618530274,25.100000381469727,28.174999904632568,24698.75,0.20807197347107115
7.485000014305115,6.2424999666213985,0.012799999909475446,41.25,25.350000381469727,28.174999904632568,24698.75,0.208169025413455
7.620000004768372,6.149999976158142,0.012799999909475446,74.47499961853028,25.850000381469727,27.899999618530273,23880.625,0.20823243211258752
6.982499980926514,6.149999976158142,0.012925000028684736,29.574999618530274,25.350000381469727,28.174999904632568,24698.75,0.20833574647336553
7.485000014305115,6.149999976158142,0.01269999984651804,41.25,25.850000381469727,28.174999904632568,24698.75,0.2083899314900602
7.620000004768372,6.149999976158142,0.01269999984651804,74.47499961853028,25.850000381469727,27.899999618530273,24698.75,0.20840169872468797
7.620000004768372,6.149999976158142,0.01269999984651804,74.47499961853028,25.850000381469727,27.774999713897706,23880.625,0.20842854548606005
7.485000014305115,6.149999976158142,0.012799999909475446,29.574999618530274,24.02500009536743,28.174999904632568,24698.75,0.20843470056822902
6.982499980926514,6.149999976158142,0.01269999984651804,41.25,24.02500009536743,27.899999618530273,24698.75,0.2084416320128236
7.620000004768372,6.149999976158142,0.01269999984651804,41.25,25.850000381469727,28.174999904632568,23880.625,0.20852074549693472
6.982499980926514,6.060000061988831,0.012925000028684736,29.574999618530274,25.850000381469727,27.899999618530273,24698.75,0.20858775691011888
8.022499918937683,6.149999976158142,0.012424999965727329,41.25,27.025000286102294,28.174999904632568,24698.75,0.20873302281107217
8.022499918937683,6.149999976158142,0.012424999965727329,29.574999618530274,25.850000381469727,27.899999618530273,24698.75,0.20900191187729514
7.620000004768372,6.149999976158142,0.01269999984651804,41.25,25.850000381469727,28.174999904632568,24698.75,0.20906393011793883
7.620000004768372,6.149999976158142,0.01269999984651804,41.25,25.350000381469727,27.899999618530273,24698.75,0.20913755038887555
7.429999947547913,6.149999976158142,0.012424999965727329,41.25,25.850000381469727,28.174999904632568,23880.625,0.2091646432652619
6.982499980926514,6.060000061988831,0.01269999984651804,29.574999618530274,25.850000381469727,28.174999904632568,25518.75,0.20929517746692283
8.022499918937683,6.149999976158142,0.01269999984651804,41.25,25.850000381469727,27.899999618530273,24698.75,0.20947128471735316
7.620000004768372,6.149999976158142,0.012799999909475446,74.47499961853028,25.850000381469727,28.174999904632568,23880.625,0.20947855313652664
6.982499980926514,6.149999976158142,0.012424999965727329,41.25,25.850000381469727,28.174999904632568,24698.75,0.2095475291274395
14.222500095367431,5.754999995231628,0.012799999909475446,74.47499961853028,24.02500009536743,28.174999904632568,23880.625,0.20959873839428617
8.022499918937683,6.2424999666213985,0.012424999965727329,29.574999618530274,25.350000381469727,28.174999904632568,24698.75,0.2096532088157255
6.982499980926514,6.060000061988831,0.01269999984651804,41.25,25.850000381469727,28.174999904632568,24698.75,0.2097063080117511
7.485000014305115,6.149999976158142,0.012424999965727329,41.25,25.850000381469727,27.899999618530273,24698.75,0.2098029043373778
6.982499980926514,6.060000061988831,0.012925000028684736,29.574999618530274,25.850000381469727,28.174999904632568,24698.75,0.20983387793405806
8.022499918937683,6.149999976158142,0.012799999909475446,41.25,25.850000381469727,27.899999618530273,24698.75,0.20984520272625679
8.022499918937683,6.149999976158142,0.012799999909475446,74.47499961853028,25.850000381469727,27.899999618530273,23880.625,0.209885907735941
7.485000014305115,6.060000061988831,0.01269999984651804,74.47499961853028,25.850000381469727,27.899999618530273,23880.625,0.21000238823137368
7.620000004768372,6.149999976158142,0.012799999909475446,74.47499961853028,25.850000381469727,28.174999904632568,24698.75,0.21002173775753075
8.022499918937683,6.149999976158142,0.01269999984651804,74.47499961853028,25.850000381469727,27.899999618530273,24698.75,0.2100551743480415
6.982499980926514,6.149999976158142,0.012799999909475446,41.25,24.02500009536743,28.174999904632568,24698.75,0.21006167104566634
6.982499980926514,6.060000061988831,0.012799999909475446,41.25,25.850000381469727,28.174999904632568,24698.75,0.21008022602065474
8.022499918937683,6.149999976158142,0.012799999909475446,29.574999618530274,24.02500009536743,27.774999713897706,24698.75,0.21008608517789815
6.982499980926514,6.149999976158142,0.012925000028684736,41.25,25.850000381469727,28.174999904632568,24698.75,0.21014447188980445
7.620000004768372,6.149999976158142,0.012424999965727329,29.574999618530274,24.02500009536743,27.899999618530273,24698.75,0.21014775403452163
6.982499980926514,6.060000061988831,0.012799999909475446,41.25,25.350000381469727,27.899999618530273,24698.75,0.21015384629159145
7.620000004768372,6.060000061988831,0.012424999965727329,29.574999618530274,25.850000381469727,27.899999618530273,24698.75,0.21016630900951
8.022499918937683,6.2424999666213985,0.012925000028684736,29.574999618530274,25.350000381469727,28.174999904632568,24698.75,0.21025015157809043
6.982499980926514,6.149999976158142,0.012799999909475446,47.55000019073486,27.025000286102294,28.174999904632568,24698.75,0.21026497440301986
7.429999947547913,6.149999976158142,0.012925000028684736,41.25,25.350000381469727,27.899999618530273,24698.75,0.21037839091956773
7.620000004768372,6.2424999666213985,0.012424999965727329,74.47499961853028,25.850000381469727,28.174999904632568,24698.75,0.2103923482394992
8.022499918937683,6.149999976158142,0.012799999909475446,41.25,25.850000381469727,27.774999713897706,24698.75,0.21041523410863297
8.022499918937683,6.149999976158142,0.012799999909475446,74.47499961853028,25.850000381469727,27.899999618530273,24698.75,0.2104290923569451
7.485000014305115,6.149999976158142,0.012424999965727329,41.25,25.850000381469727,28.174999904632568,23880.625,0.21050584074031287
6.982499980926514,6.149999976158142,0.01269999984651804,49.84999942779541,25.850000381469727,27.774999713897706,24698.75,0.2105433048507338
7.620000004768372,6.149999976158142,0.01269999984651804,41.25,24.02500009536743,27.899999618530273,24698.75,0.21061712687457967
6.982499980926514,6.2424999666213985,0.01269999984651804,49.84999942779541,25.350000381469727,28.174999904632568,24698.75,0.21062457040678798
6.982499980926514,5.754999995231628,0.01269999984651804,41.25,25.850000381469727,27.899999618530273,24698.75,0.21067510561868757
8.022499918937683,6.149999976158142,0.01269999984651804,41.25,25.850000381469727,28.174999904632568,24698.75,0.21071740574129233
8.022499918937683,6.149999976158142,0.01269999984651804,74.47499961853028,25.850000381469727,28.174999904632568,23880.625,0.21075811075097656
6.982499980926514,6.060000061988831,0.012424999965727329,29.574999618530274,24.02500009536743,27.899999618530273,24698.75,0.21079013192833396
7.485000014305115,6.2424999666213985,0.01269999984651804,49.84999942779541,25.850000381469727,28.174999904632568,24698.75,0.21080632534578958
7.620000004768372,6.149999976158142,0.012799999909475446,41.25,25.850000381469727,27.899999618530273,25518.75,0.21090906326938977
7.620000004768372,6.149999976158142,0.012424999965727329,74.47499961853028,25.850000381469727,27.899999618530273,24698.75,0.21106079259594474
8.022499918937683,6.149999976158142,0.012799999909475446,41.25,25.850000381469727,28.174999904632568,24698.75,0.21109132375019596
7.485000014305115,6.060000061988831,0.012799999909475446,29.574999618530274,25.850000381469727,28.174999904632568,25518.75,0.21117059170970393
7.620000004768372,6.149999976158142,0.01269999984651804,41.25,24.02500009536743,27.774999713897706,24698.75,0.21118715825695583
7.620000004768372,6.060000061988831,0.01269999984651804,41.25,25.850000381469727,27.774999713897706,24698.75,0.21120571323194423
7.620000004768372,6.060000061988831,0.01269999984651804,74.47499961853028,25.850000381469727,27.899999618530273,24698.75,0.21121957148025636
8.022499918937683,6.149999976158142,0.01269999984651804,74.47499961853028,25.850000381469727,28.174999904632568,24698.75,0.21130129537198067
6.982499980926514,6.060000061988831,0.012799999909475446,29.574999618530274,25.100000381469727,28.174999904632568,25518.75,0.21143168753136996
6.982499980926514,6.149999976158142,0.012925000028684736,41.25,25.350000381469727,28.174999904632568,24698.75,0.2114642131846803
7.620000004768372,6.060000061988831,0.012799999909475446,74.47499961853028,25.850000381469727,27.899999618530273,24698.75,0.21159348948915999
11.81000018119812,5.4425000476837155,0.012799999909475446,49.84999942779541,25.100000381469727,28.174999904632568,23880.625,0.2116049212957593
7.620000004768372,6.149999976158142,0.01269999984651804,49.84999942779541,25.850000381469727,27.899999618530273,23880.625,0.2116055837091096
8.022499918937683,6.149999976158142,0.012799999909475446,74.47499961853028,25.850000381469727,28.174999904632568,24698.75,0.21167521338088424
7.485000014305115,6.149999976158142,0.012424999965727329,41.25,25.350000381469727,27.774999713897706,24698.75,0.21169267701462985
7.620000004768372,6.149999976158142,0.012424999965727329,41.25,25.850000381469727,28.174999904632568,24698.75,0.21172302398919557
6.982499980926514,6.149999976158142,0.012799999909475446,41.25,25.100000381469727,28.174999904632568,25518.75,0.21174228148711635
7.620000004768372,6.060000061988831,0.01269999984651804,74.47499961853028,25.850000381469727,28.174999904632568,23880.625,0.2119225078831914
8.022499918937683,6.149999976158142,0.01269999984651804,74.47499961853028,25.350000381469727,27.774999713897706,24698.75,0.21194494702529354
8.022499918937683,6.149999976158142,0.012799999909475446,29.574999618530274,25.350000381469727,28.174999904632568,25518.75,0.21199993450024351
6.982499980926514,6.060000061988831,0.012424999965727329,29.574999618530274,24.02500009536743,28.174999904632568,24698.75,0.2120362529522731
8.022499918937683,6.149999976158142,0.01269999984651804,41.25,25.350000381469727,28.174999904632568,24698.75,0.2120371470361682
8.022499918937683,6.2424999666213985,0.012424999965727329,74.47499961853028,25.850000381469727,28.174999904632568,24698.75,0.21204582386285276
8.022499918937683,6.2424999666213985,0.012925000028684736,41.25,25.350000381469727,27.899999618530273,24698.75,0.21213249726546607
7.620000004768372,6.149999976158142,0.012799999909475446,41.25,25.350000381469727,27.899999618530273,25518.75,0.21222880456426566
8.022499918937683,6.149999976158142,0.01269999984651804,41.25,24.02500009536743,27.899999618530273,24698.75,0.21227060249793317
6.982499980926514,6.060000061988831,0.012925000028684736,41.25,25.850000381469727,27.774999713897706,24698.75,0.21228625500380985
6.982499980926514,6.0,0.01269999984651804,41.25,27.025000286102294,28.174999904632568,24698.75,0.21229807300705797
7.620000004768372,6.060000061988831,0.012799999909475446,41.25,25.350000381469727,27.899999618530273,24698.75,0.21232934115334753
7.620000004768372,6.060000061988831,0.01269999984651804,41.25,25.100000381469727,27.899999618530273,24698.75,0.21239827390511157
7.620000004768372,6.060000061988831,0.01269999984651804,74.47499961853028,25.850000381469727,28.174999904632568,24698.75,0.2124656925041955
6.982499980926514,6.149999976158142,0.012925000028684736,29.574999618530274,24.02500009536743,28.174999904632568,25518.75,0.21253265912555616
8.022499918937683,6.2424999666213985,0.012925000028684736,74.47499961853028,25.850000381469727,28.174999904632568,24698.75,0.2126427666252177
7.620000004768372,6.149999976158142,0.012799999909475446,41.25,25.100000381469727,27.899999618530273,25518.75,0.21267165532493326
8.022499918937683,6.060000061988831,0.012799999909475446,74.47499961853028,25.850000381469727,27.899999618530273,23880.625,0.2127037804915094
6.982499980926514,6.060000061988831,0.012799999909475446,41.25,25.850000381469727,28.174999904632568,25518.75,0.21279756218714124
8.022499918937683,6.149999976158142,0.01269999984651804,41.25,24.02500009536743,27.774999713897706,24698.75,0.21284063388030933
8.022499918937683,6.149999976158142,0.012799999909475446,41.25,25.100000381469727,28.174999904632568,24698.75,0.21285391580573945
8.022499918937683,6.060000061988831,0.01269999984651804,74.47499961853028,25.850000381469727,27.899999618530273,24698.75,0.21287304710360988
6.982499980926514,6.060000061988831,0.012424999965727329,41.25,25.100000381469727,27.899999618530273,24698.75,0.21288187291461225
6.982499980926514,6.060000061988831,0.012925000028684736,41.25,25.850000381469727,28.174999904632568,24698.75,0.21296234464537284
7.429999947547913,6.060000061988831,0.012799999909475446,41.25,24.02500009536743,28.174999904632568,24698.75,0.21303984256006125
8.022499918937683,6.149999976158142,0.012424999965727329,49.84999942779541,27.025000286102294,28.174999904632568,24698.75,0.2130639820471862
8.022499918937683,6.149999976158142,0.01269999984651804,29.574999618530274,24.02500009536743,28.174999904632568,25518.75,0.21310559297704404
7.620000004768372,6.060000061988831,0.012424999965727329,29.574999618530274,25.100000381469727,28.174999904632568,24698.75,0.21317502208899267
8.022499918937683,6.060000061988831,0.01269999984651804,29.574999618530274,24.02500009536743,28.174999904632568,24698.75,0.21320612956612592
8.022499918937683,6.060000061988831,0.012799999909475446,74.47499961853028,25.850000381469727,27.899999618530273,24698.75,0.21324696511251348
8.022499918937683,6.060000061988831,0.012799999909475446,74.47499961853028,25.850000381469727,27.774999713897706,23880.625,0.21327381187388555
7.620000004768372,6.060000061988831,0.012424999965727329,41.25,25.850000381469727,27.899999618530273,24698.75,0.2132947757208248
8.022499918937683,6.149999976158142,0.012925000028684736,74.47499961853028,25.850000381469727,27.899999618530273,24698.75,0.2133112109816632
7.620000004768372,6.149999976158142,0.012424999965727329,74.47499961853028,24.02500009536743,27.899999618530273,23880.625,0.21331692575552064
8.022499918937683,6.149999976158142,0.012799999909475446,74.47499961853028,25.100000381469727,28.174999904632568,24698.75,0.21343780543642776
8.022499918937683,6.060000061988831,0.01269999984651804,74.47499961853028,25.850000381469727,27.774999713897706,24698.75,0.21344307848598607
8.712500095367432,6.149999976158142,0.01269999984651804,29.574999618530274,25.100000381469727,28.174999904632568,24698.75,0.21345520651241343
8.022499918937683,6.060000061988831,0.01269999984651804,41.25,25.350000381469727,27.899999618530273,24698.75,0.21360889876779743
7.620000004768372,6.060000061988831,0.01269999984651804,41.25,25.100000381469727,28.174999904632568,24698.75,0.2136443949290507
8.022499918937683,6.060000061988831,0.012925000028684736,29.574999618530274,25.350000381469727,27.899999618530273,24698.75,0.21373646869010435
8.022499918937683,6.149999976158142,0.012925000028684736,74.47499961853028,25.850000381469727,27.774999713897706,24698.75,0.21388124236403938
8.022499918937683,6.149999976158142,0.012799999909475446,41.25,24.02500009536743,28.174999904632568,24698.75,0.21389064153077594
7.620000004768372,6.149999976158142,0.012799999909475446,41.25,25.100000381469727,28.174999904632568,25518.75,0.21391777634887243
8.022499918937683,6.149999976158142,0.012424999965727329,74.47499961853028,25.850000381469727,28.174999904632568,24698.75,0.2139603892432374
8.022499918937683,6.2424999666213985,0.012925000028684736,74.47499961853028,25.350000381469727,28.174999904632568,24698.75,0.21396250792009355
7.620000004768372,6.060000061988831,0.012799999909475446,41.25,25.100000381469727,28.174999904632568,24698.75,0.2140183129379543
7.429999947547913,6.060000061988831,0.012424999965727329,41.25,24.02500009536743,27.899999618530273,24698.75,0.21407889739847527
8.022499918937683,6.060000061988831,0.01269999984651804,74.47499961853028,25.850000381469727,28.174999904632568,24698.75,0.21411916812754905
6.982499980926514,6.149999976158142,0.012925000028684736,41.25,25.350000381469727,28.174999904632568,25518.75,0.21418154935116682
7.620000004768372,6.060000061988831,0.01269999984651804,29.574999618530274,24.02500009536743,28.174999904632568,25518.75,0.2142699901092589
7.429999947547913,6.060000061988831,0.012799999909475446,41.25,25.350000381469727,28.174999904632568,25518.75,0.21427760224084363
7.485000014305115,6.149999976158142,0.012799999909475446,41.25,24.02500009536743,28.174999904632568,25518.75,0.21428050344603033
6.982499980926514,6.060000061988831,0.012925000028684736,41.25,25.350000381469727,28.174999904632568,24698.75,0.2142820859402487
7.620000004768372,6.060000061988831,0.012799999909475446,74.47499961853028,25.850000381469727,27.899999618530273,25518.75,0.2143108256556465
7.485000014305115,6.149999976158142,0.012925000028684736,41.25,25.850000381469727,28.174999904632568,25518.75,0.21436330429016842
7.485000014305115,6.060000061988831,0.012799999909475446,41.25,25.350000381469727,27.899999618530273,25518.75,0.21437267869195545
8.022499918937683,6.149999976158142,0.012799999909475446,74.47499961853028,24.02500009536743,28.174999904632568,24698.75,0.21447453116146425
7.620000004768372,6.149999976158142,0.012424999965727329,41.25,24.02500009536743,28.174999904632568,24698.75,0.21452234176977558
8.022499918937683,6.149999976158142,0.012925000028684736,74.47499961853028,25.850000381469727,28.174999904632568,24698.75,0.21455733200560234
8.022499918937683,6.149999976158142,0.012925000028684736,41.25,25.350000381469727,27.774999713897706,24698.75,0.21461709402822693
8.022499918937683,6.149999976158142,0.012925000028684736,74.47499961853028,25.350000381469727,27.899999618530273,24698.75,0.21463095227653908
7.620000004768372,6.060000061988831,0.012799999909475446,29.574999618530274,24.02500009536743,28.174999904632568,25518.75,0.21464390811816253
8.022499918937683,6.149999976158142,0.012424999965727329,41.25,24.02500009536743,27.899999618530273,24698.75,0.21492969636918996
7.485000014305115,6.060000061988831,0.01269999984651804,49.84999942779541,25.850000381469727,28.174999904632568,23880.625,0.2149955788607385
7.620000004768372,6.149999976158142,0.012925000028684736,41.25,25.850000381469727,28.174999904632568,25518.75,0.21503730291804707
7.620000004768372,6.060000061988831,0.012424999965727329,74.47499961853028,25.850000381469727,28.174999904632568,24698.75,0.2151247863754523
7.620000004768372,6.060000061988831,0.012925000028684736,41.25,25.850000381469727,28.174999904632568,24698.75,0.21513783950712895
6.982499980926514,6.060000061988831,0.012925000028684736,41.25,24.02500009536743,28.174999904632568,23880.625,0.21521847780494874
8.022499918937683,6.060000061988831,0.012799999909475446,41.25,25.350000381469727,28.174999904632568,24698.75,0.2152289378006402
8.022499918937683,6.149999976158142,0.012424999965727329,74.47499961853028,25.350000381469727,28.174999904632568,24698.75,0.2152801305381133
6.982499980926514,6.060000061988831,0.012925000028684736,29.574999618530274,24.02500009536743,28.174999904632568,25518.75,0.21535053188112455
8.712500095367432,6.060000061988831,0.012925000028684736,74.47499961853028,24.02500009536743,28.174999904632568,24178.125,0.21538022321944722
8.022499918937683,6.060000061988831,0.012799999909475446,41.25,25.850000381469727,27.899999618530273,25518.75,0.21538041164831168
8.022499918937683,6.060000061988831,0.012799999909475446,41.25,24.02500009536743,27.899999618530273,24698.75,0.21546239326240518
8.022499918937683,6.060000061988831,0.012424999965727329,41.25,25.850000381469727,27.774999713897706,24698.75,0.21551828272655452
8.022499918937683,6.149999976158142,0.012925000028684736,41.25,24.02500009536743,27.899999618530273,24698.75,0.2155266391315549
8.022499918937683,6.060000061988831,0.012424999965727329,74.47499961853028,25.850000381469727,27.899999618530273,24698.75,0.21553214097486664
8.022499918937683,6.149999976158142,0.012799999909475446,41.25,25.100000381469727,28.174999904632568,25518.75,0.21557125197222596
8.712500095367432,6.149999976158142,0.01269999984651804,41.25,25.350000381469727,28.174999904632568,23880.625,0.2155976378420565
6.982499980926514,6.149999976158142,0.012925000028684736,41.25,24.02500009536743,28.174999904632568,25518.75,0.21566112583687094
7.485000014305115,6.149999976158142,0.012925000028684736,41.25,25.350000381469727,28.174999904632568,25518.75,0.2156830455850443
7.429999947547913,6.060000061988831,0.01269999984651804,47.55000019073486,25.850000381469727,27.899999618530273,23880.625,0.21572339906504484
7.485000014305115,6.060000061988831,0.012925000028684736,41.25,25.350000381469727,28.174999904632568,24698.75,0.2157835821741262
6.982499980926514,6.149999976158142,0.01269999984651804,47.55000019073486,25.350000381469727,28.174999904632568,24698.75,0.21585427449046904
8.022499918937683,6.149999976158142,0.012925000028684736,74.47499961853028,24.02500009536743,27.899999618530273,24698.75,0.2161105287622432
7.485000014305115,6.149999976158142,0.012925000028684736,41.25,25.100000381469727,28.174999904632568,25518.75,0.21612589634571194
8.022499918937683,6.060000061988831,0.012424999965727329,41.25,25.350000381469727,27.899999618530273,24698.75,0.21626799263905422
8.712500095367432,6.149999976158142,0.012799999909475446,74.47499961853028,25.100000381469727,27.899999618530273,24698.75,0.21629535983938097
8.022499918937683,6.060000061988831,0.012799999909475446,29.574999618530274,24.02500009536743,28.174999904632568,25518.75,0.21629738374151602
8.022499918937683,6.060000061988831,0.01269999984651804,41.25,24.02500009536743,28.174999904632568,24698.75,0.2163345962774407
6.982499980926514,6.0,0.01269999984651804,41.25,25.850000381469727,28.174999904632568,23880.625,0.2163983651875308
8.022499918937683,6.060000061988831,0.012925000028684736,29.574999618530274,24.02500009536743,28.174999904632568,24698.75,0.21646216619974762
7.620000004768372,6.060000061988831,0.012424999965727329,41.25,24.02500009536743,27.774999713897706,24698.75,0.21666412488378098
8.022499918937683,6.149999976158142,0.012424999965727329,74.47499961853028,24.02500009536743,28.174999904632568,24698.75,0.21675970702381742
8.022499918937683,6.149999976158142,0.012925000028684736,41.25,25.350000381469727,27.899999618530273,25518.75,0.21676439881233728
8.022499918937683,6.060000061988831,0.012424999965727329,74.47499961853028,25.850000381469727,28.174999904632568,24698.75,0.2167782619988058
8.712500095367432,6.060000061988831,0.012799999909475446,74.47499961853028,25.850000381469727,27.899999618530273,23880.625,0.21680745591840178
8.022499918937683,6.149999976158142,0.01269999984651804,49.84999942779541,25.100000381469727,28.174999904632568,24698.75,0.21681095703294986
6.982499980926514,6.0,0.01269999984651804,41.25,25.850000381469727,28.174999904632568,24698.75,0.21694154980853492
6.982499980926514,6.060000061988831,0.012925000028684736,41.25,25.350000381469727,28.174999904632568,25518.75,0.2169994221067352
8.712500095367432,6.149999976158142,0.012424999965727329,29.574999618530274,24.02500009536743,28.174999904632568,24698.75,0.21715102610870668
8.022499918937683,6.149999976158142,0.012799999909475446,49.84999942779541,25.100000381469727,28.174999904632568,24698.75,0.2171848750418535
8.022499918937683,6.060000061988831,0.012925000028684736,41.25,25.100000381469727,27.899999618530273,24698.75,0.2173077861620868
7.620000004768372,5.754999995231628,0.012424999965727329,74.47499961853028,25.850000381469727,28.174999904632568,24698.75,0.21733970500632788
11.81000018119812,6.149999976158142,0.012424999965727329,74.47499961853028,25.850000381469727,28.174999904632568,23880.625,0.2175311019867398
8.712500095367432,5.754999995231628,0.012925000028684736,74.47499961853028,24.02500009536743,28.174999904632568,24178.125,0.2175951418503228
8.022499918937683,6.060000061988831,0.012424999965727329,41.25,24.02500009536743,27.899999618530273,24698.75,0.21774756912475834
8.712500095367432,6.149999976158142,0.012925000028684736,29.574999618530274,24.02500009536743,28.174999904632568,24698.75,0.21774796887107165
9.272500038146973,5.754999995231628,0.012799999909475446,74.47499961853028,25.100000381469727,28.174999904632568,24178.125,0.21781192659648824
14.222500095367431,5.754999995231628,0.012799999909475446,74.47499961853028,25.350000381469727,28.174999904632568,23373.75,0.21783479576016124
7.620000004768372,6.060000061988831,0.012925000028684736,41.25,25.350000381469727,27.899999618530273,25518.75,0.21792879594455217
8.022499918937683,6.149999976158142,0.012925000028684736,41.25,25.350000381469727,28.174999904632568,25518.75,0.21801051983627642
8.712500095367432,6.149999976158142,0.01269999984651804,74.47499961853028,24.02500009536743,28.174999904632568,24698.75,0.21820428857945304
6.982499980926514,6.0,0.01269999984651804,29.574999618530274,25.100000381469727,28.174999904632568,25518.75,0.2182930113192501
8.022499918937683,5.754999995231628,0.012424999965727329,41.25,25.350000381469727,27.899999618530273,24698.75,0.2184829112699298
9.272500038146973,6.149999976158142,0.012799999909475446,41.25,25.850000381469727,28.174999904632568,23880.625,0.21878744365200425
11.81000018119812,6.149999976158142,0.012424999965727329,74.47499961853028,25.350000381469727,28.174999904632568,23880.625,0.2188508432816157
8.712500095367432,6.060000061988831,0.012799999909475446,74.47499961853028,25.100000381469727,27.899999618530273,24698.75,0.21911323259494936
8.712500095367432,6.060000061988831,0.012925000028684736,49.84999942779541,24.02500009536743,28.174999904632568,24178.125,0.21912729282487292
7.620000004768372,6.060000061988831,0.012925000028684736,41.25,25.350000381469727,28.174999904632568,25518.75,0.2191749169684913
14.222500095367431,5.754999995231628,0.012799999909475446,74.47499961853028,24.02500009536743,28.174999904632568,23373.75,0.21931437224586536
8.712500095367432,6.149999976158142,0.012925000028684736,41.25,25.350000381469727,28.174999904632568,24698.75,0.2193968590966823
8.712500095367432,6.060000061988831,0.012799999909475446,74.47499961853028,24.02500009536743,27.899999618530273,23880.625,0.2196067736989818
7.620000004768372,6.060000061988831,0.012925000028684736,41.25,25.100000381469727,28.174999904632568,25518.75,0.21961776772915895
11.81000018119812,5.754999995231628,0.012799999909475446,41.25,25.850000381469727,28.174999904632568,23880.625,0.21969482788014227
7.620000004768372,6.0,0.01269999984651804,74.47499961853028,25.850000381469727,28.174999904632568,24698.75,0.2197009343009793
8.712500095367432,6.0,0.012799999909475446,74.47499961853028,24.02500009536743,28.174999904632568,24178.125,0.21973334639151287
7.620000004768372,6.149999976158142,0.012799999909475446,47.55000019073486,25.850000381469727,28.174999904632568,25518.75,0.21980128223273937
11.81000018119812,5.754999995231628,0.01269999984651804,74.47499961853028,25.850000381469727,28.174999904632568,23880.625,0.21990479950192698
8.022499918937683,6.149999976158142,0.01269999984651804,47.55000019073486,24.02500009536743,27.899999618530273,24698.75,0.21991670043734363
6.982499980926514,6.060000061988831,0.012799999909475446,49.84999942779541,24.02500009536743,28.174999904632568,25518.75,0.21992783920383527
9.272500038146973,6.149999976158142,0.012799999909475446,41.25,25.350000381469727,28.174999904632568,23880.625,0.22010718494688014
11.81000018119812,5.754999995231628,0.012799999909475446,74.47499961853028,25.850000381469727,28.174999904632568,23880.625,0.2202787175108306
7.485000014305115,6.0,0.012424999965727329,74.47499961853028,25.850000381469727,27.899999618530273,24698.75,0.2204399085204183
6.982499980926514,6.060000061988831,0.012925000028684736,47.55000019073486,25.850000381469727,28.174999904632568,24698.75,0.2206084425847833
8.712500095367432,6.060000061988831,0.012925000028684736,74.47499961853028,25.850000381469727,27.774999713897706,24698.75,0.22080279054650018
8.712500095367432,6.060000061988831,0.012799999909475446,41.25,24.02500009536743,28.174999904632568,24698.75,0.2208121897132367
8.712500095367432,6.060000061988831,0.012925000028684736,41.25,25.850000381469727,28.174999904632568,24698.75,0.22089499055737483
8.022499918937683,6.149999976158142,0.012424999965727329,47.55000019073486,25.850000381469727,28.174999904632568,24698.75,0.22102259755195952
8.022499918937683,6.060000061988831,0.01269999984651804,47.55000019073486,25.850000381469727,28.174999904632568,24698.75,0.22118137643627117
8.712500095367432,5.754999995231628,0.012925000028684736,49.84999942779541,24.02500009536743,28.174999904632568,24178.125,0.2213422114557485
8.022499918937683,6.0,0.01269999984651804,41.25,25.350000381469727,27.774999713897706,24698.75,0.22141417194695734
8.712500095367432,6.149999976158142,0.012925000028684736,74.47499961853028,24.02500009536743,28.174999904632568,24698.75,0.22146032521307477
11.81000018119812,5.754999995231628,0.012799999909475446,74.47499961853028,25.350000381469727,28.174999904632568,23880.625,0.2215984588057065
8.712500095367432,6.060000061988831,0.012424999965727329,41.25,25.350000381469727,28.174999904632568,24698.75,0.22161778908988575
8.712500095367432,5.754999995231628,0.012799999909475446,74.47499961853028,25.100000381469727,28.174999904632568,23880.625,0.22203108762876006
8.022499918937683,6.0,0.012424999965727329,41.25,25.850000381469727,27.899999618530273,24698.75,0.22218349314096209
8.712500095367432,6.060000061988831,0.012925000028684736,74.47499961853028,25.350000381469727,28.174999904632568,23880.625,0.22225543686193494
8.022499918937683,6.060000061988831,0.012925000028684736,41.25,24.02500009536743,28.174999904632568,25518.75,0.22230796907754893
8.022499918937683,6.149999976158142,0.012424999965727329,47.55000019073486,25.350000381469727,28.174999904632568,24698.75,0.2223423388468354
8.712500095367432,5.754999995231628,0.012925000028684736,74.47499961853028,25.850000381469727,27.899999618530273,24698.75,0.22244767779499958
11.81000018119812,5.754999995231628,0.012424999965727329,74.47499961853028,25.850000381469727,28.174999904632568,23880.625,0.22256389337318377
8.712500095367432,6.060000061988831,0.012925000028684736,74.47499961853028,25.100000381469727,28.174999904632568,23880.625,0.22269828762260258
8.022499918937683,6.060000061988831,0.01269999984651804,47.55000019073486,24.02500009536743,27.899999618530273,24698.75,0.222734573192912
9.272500038146973,6.149999976158142,0.01269999984651804,49.84999942779541,25.850000381469727,28.174999904632568,23880.625,0.22274448487921467
8.712500095367432,6.060000061988831,0.012925000028684736,74.47499961853028,25.350000381469727,28.174999904632568,24698.75,0.22279862148293902
8.712500095367432,6.060000061988831,0.012925000028684736,74.47499961853028,24.02500009536743,27.899999618530273,24698.75,0.223032076944704
11.81000018119812,6.060000061988831,0.012424999965727329,74.47499961853028,24.02500009536743,28.174999904632568,23880.625,0.2231482925228882
8.712500095367432,5.754999995231628,0.012925000028684736,74.47499961853028,25.850000381469727,28.174999904632568,23880.625,0.22315061419793464
7.485000014305115,6.0,0.012424999965727329,41.25,24.02500009536743,27.774999713897706,24698.75,0.22322536805268614
7.620000004768372,6.0,0.012424999965727329,41.25,24.02500009536743,27.899999618530273,24698.75,0.2233293352981886
9.272500038146973,6.060000061988831,0.012799999909475446,74.47499961853028,25.350000381469727,28.174999904632568,23880.625,0.2235089473331368
8.712500095367432,5.754999995231628,0.012925000028684736,41.25,25.100000381469727,27.899999618530273,24698.75,0.22362638021985476
8.712500095367432,6.060000061988831,0.012424999965727329,74.47499961853028,24.02500009536743,28.174999904632568,24698.75,0.22368125520627818
8.712500095367432,6.060000061988831,0.012925000028684736,41.25,24.02500009536743,28.174999904632568,24698.75,0.2236943083379548
8.712500095367432,6.060000061988831,0.012925000028684736,74.47499961853028,24.02500009536743,28.174999904632568,23880.625,0.22373501334763907
8.712500095367432,5.754999995231628,0.012925000028684736,74.47499961853028,25.350000381469727,27.899999618530273,24698.75,0.22376741908987546
9.697499990463257,5.754999995231628,0.012799999909475446,74.47499961853028,24.02500009536743,28.174999904632568,24178.125,0.22386316316330568
11.81000018119812,5.754999995231628,0.012424999965727329,74.47499961853028,25.350000381469727,28.174999904632568,23880.625,0.22388363466805966
8.712500095367432,5.754999995231628,0.012925000028684736,41.25,24.02500009536743,27.899999618530273,23880.625,0.22411992132388714
8.712500095367432,5.754999995231628,0.012925000028684736,74.47499961853028,25.100000381469727,27.899999618530273,24698.75,0.2242102698505431
8.712500095367432,6.060000061988831,0.012925000028684736,74.47499961853028,24.02500009536743,28.174999904632568,24698.75,0.22427819796864315
11.81000018119812,5.754999995231628,0.012424999965727329,74.47499961853028,25.100000381469727,28.174999904632568,23880.625,0.2243264854287273
8.712500095367432,5.754999995231628,0.012925000028684736,41.25,25.100000381469727,28.174999904632568,23880.625,0.22432931662278982
8.712500095367432,5.754999995231628,0.012925000028684736,74.47499961853028,25.350000381469727,27.774999713897706,24698.75,0.22433745047225162
8.712500095367432,5.754999995231628,0.012925000028684736,74.47499961853028,25.350000381469727,28.174999904632568,23880.625,0.22447035549281052
11.81000018119812,6.149999976158142,0.01269999984651804,74.47499961853028,25.850000381469727,28.174999904632568,23373.75,0.22458764196706224
11.81000018119812,5.754999995231628,0.012424999965727329,41.25,24.02500009536743,28.174999904632568,23880.625,0.22477932152307545
8.712500095367432,5.754999995231628,0.012925000028684736,74.47499961853028,25.350000381469727,28.174999904632568,24698.75,0.2250135401138146
9.272500038146973,6.060000061988831,0.012925000028684736,41.25,25.850000381469727,28.174999904632568,24698.75,0.22503061965329485
9.697499990463257,6.0,0.012799999909475446,29.574999618530274,24.02500009536743,28.174999904632568,24178.125,0.22517112998721073
8.712500095367432,5.754999995231628,0.012925000028684736,74.47499961853028,24.02500009536743,27.899999618530273,24698.75,0.2252469955755796
8.712500095367432,6.0,0.012799999909475446,74.47499961853028,25.850000381469727,28.174999904632568,23880.625,0.2252888187391247
11.81000018119812,5.754999995231628,0.012424999965727329,74.47499961853028,24.02500009536743,28.174999904632568,23880.625,0.2253632111537638
9.272500038146973,5.754999995231628,0.012799999909475446,74.47499961853028,25.350000381469727,28.174999904632568,23880.625,0.22572386596401245
8.712500095367432,5.754999995231628,0.012925000028684736,74.47499961853028,24.02500009536743,27.774999713897706,24698.75,0.22581702695795575
11.81000018119812,6.149999976158142,0.01269999984651804,74.47499961853028,25.350000381469727,28.174999904632568,23373.75,0.2259073832619381
9.272500038146973,6.060000061988831,0.012799999909475446,49.84999942779541,25.850000381469727,28.174999904632568,23880.625,0.22593627564368668
8.712500095367432,5.754999995231628,0.012925000028684736,74.47499961853028,24.02500009536743,28.174999904632568,23880.625,0.22594993197851465
9.272500038146973,5.754999995231628,0.012799999909475446,74.47499961853028,25.100000381469727,28.174999904632568,23880.625,0.22616671672468008
8.712500095367432,5.754999995231628,0.012925000028684736,74.47499961853028,24.02500009536743,28.174999904632568,24698.75,0.22649311659951873
8.712500095367432,6.0,0.012799999909475446,74.47499961853028,25.350000381469727,28.174999904632568,23880.625,0.2266085600340006
8.712500095367432,6.060000061988831,0.012925000028684736,49.84999942779541,25.100000381469727,28.174999904632568,24698.75,0.22698854184903236
11.81000018119812,6.149999976158142,0.012424999965727329,74.47499961853028,25.850000381469727,28.174999904632568,23373.75,0.22724673583831903
9.697499990463257,6.149999976158142,0.012925000028684736,74.47499961853028,25.850000381469727,28.174999904632568,24698.75,0.22781114737019575
8.712500095367432,6.060000061988831,0.012925000028684736,49.84999942779541,24.02500009536743,28.174999904632568,24698.75,0.22802526757406885
9.272500038146973,6.149999976158142,0.012799999909475446,47.55000019073486,25.100000381469727,28.174999904632568,23880.625,0.22819613364695818
9.272500038146973,5.754999995231628,0.012925000028684736,41.25,24.02500009536743,27.899999618530273,23880.625,0.22825555041980716
9.272500038146973,6.060000061988831,0.012925000028684736,74.47499961853028,24.02500009536743,28.174999904632568,24698.75,0.22841382706456317
11.81000018119812,6.149999976158142,0.012424999965727329,74.47499961853028,25.350000381469727,28.174999904632568,23373.75,0.2285664771331949
11.81000018119812,5.754999995231628,0.01269999984651804,29.574999618530274,24.02500009536743,28.174999904632568,23373.75,0.2287073947920831
8.712500095367432,5.754999995231628,0.012925000028684736,49.84999942779541,25.350000381469727,28.174999904632568,24698.75,0.2287606097192403
9.272500038146973,6.149999976158142,0.012799999909475446,74.47499961853028,25.850000381469727,28.174999904632568,23373.75,0.22908696713427176
11.81000018119812,6.060000061988831,0.01269999984651804,74.47499961853028,25.100000381469727,28.174999904632568,23373.75,0.22916810677817412
11.81000018119812,6.0,0.012424999965727329,74.47499961853028,25.100000381469727,28.174999904632568,23880.625,0.22934680859463547
11.81000018119812,5.754999995231628,0.012799999909475446,41.25,25.850000381469727,28.174999904632568,23373.75,0.2294104617317215
9.272500038146973,6.0,0.012799999909475446,74.47499961853028,25.850000381469727,28.174999904632568,23880.625,0.22942444783504473
9.697499990463257,6.149999976158142,0.012799999909475446,74.47499961853028,27.025000286102294,28.174999904632568,23373.75,0.22945800117457582
9.272500038146973,5.754999995231628,0.012925000028684736,41.25,24.02500009536743,28.174999904632568,23880.625,0.22950167144374634
8.712500095367432,6.0,0.012925000028684736,74.47499961853028,25.100000381469727,27.774999713897706,24698.75,0.22980062439882742
8.712500095367432,6.0,0.012925000028684736,74.47499961853028,25.100000381469727,28.174999904632568,23880.625,0.22993352941938633
11.81000018119812,6.060000061988831,0.012799999909475446,41.25,24.02500009536743,28.174999904632568,23373.75,0.2299948608814259
8.712500095367432,6.0,0.012925000028684736,74.47499961853028,25.350000381469727,28.174999904632568,24698.75,0.23003386327972278
11.81000018119812,6.060000061988831,0.012424999965727329,74.47499961853028,25.850000381469727,28.174999904632568,23373.75,0.23006460859388742
11.81000018119812,6.060000061988831,0.01269999984651804,74.47499961853028,24.02500009536743,28.174999904632568,23373.75,0.2302048325032106
8.712500095367432,6.0,0.012925000028684736,74.47499961853028,24.02500009536743,27.899999618530273,24698.75,0.23026731874148776
11.81000018119812,6.0,0.012799999909475446,74.47499961853028,27.025000286102294,28.174999904632568,23373.75,0.2303711977268411
11.81000018119812,6.0,0.012424999965727329,74.47499961853028,24.02500009536743,28.174999904632568,23880.625,0.23038353431967196
9.272500038146973,6.149999976158142,0.012799999909475446,74.47499961853028,25.350000381469727,28.174999904632568,23373.75,0.23040670842914765
9.272500038146973,6.0,0.012925000028684736,49.84999942779541,24.02500009536743,28.174999904632568,24178.125,0.23049816371757673
11.81000018119812,5.754999995231628,0.01269999984651804,74.47499961853028,25.350000381469727,28.174999904632568,23373.75,0.2309401746483821
11.81000018119812,6.060000061988831,0.01269999984651804,49.84999942779541,25.850000381469727,28.174999904632568,23373.75,0.23115258432805633
9.272500038146973,6.149999976158142,0.012799999909475446,41.25,24.02500009536743,28.174999904632568,23373.75,0.23130239528416346
11.81000018119812,5.754999995231628,0.012799999909475446,74.47499961853028,25.350000381469727,28.174999904632568,23373.75,0.2313140926572857
8.712500095367432,6.060000061988831,0.012925000028684736,47.55000019073486,24.02500009536743,28.174999904632568,24698.75,0.23134040627736527
11.81000018119812,6.060000061988831,0.012424999965727329,74.47499961853028,25.350000381469727,28.174999904632568,23373.75,0.23138434988876327
8.712500095367432,5.754999995231628,0.012925000028684736,47.55000019073486,25.350000381469727,27.774999713897706,24698.75,0.23139965878097374
9.697499990463257,6.0,0.012925000028684736,74.47499961853028,27.025000286102294,28.174999904632568,23880.625,0.23267760050006686
9.272500038146973,6.060000061988831,0.01269999984651804,74.47499961853028,25.350000381469727,28.174999904632568,23373.75,0.23285066317581243
9.272500038146973,6.060000061988831,0.012799999909475446,74.47499961853028,25.350000381469727,28.174999904632568,23373.75,0.23322458118471603
11.81000018119812,5.754999995231628,0.012424999965727329,74.47499961853028,25.350000381469727,28.174999904632568,23373.75,0.23359926851963886
11.81000018119812,6.0,0.01269999984651804,41.25,25.850000381469727,28.174999904632568,23373.75,0.2340568668887261
9.697499990463257,6.149999976158142,0.012799999909475446,74.47499961853028,25.850000381469727,28.174999904632568,23373.75,0.23410147797605277
11.81000018119812,5.754999995231628,0.012424999965727329,41.25,24.02500009536743,28.174999904632568,23373.75,0.23449495537465467
9.272500038146973,6.149999976158142,0.012799999909475446,49.84999942779541,25.100000381469727,28.174999904632568,23373.75,0.234596628795241
11.81000018119812,5.754999995231628,0.01269999984651804,49.84999942779541,25.350000381469727,28.174999904632568,23373.75,0.23468724425380783
11.81000018119812,6.0,0.012799999909475446,74.47499961853028,25.850000381469727,28.174999904632568,23373.75,0.235014674528318
9.697499990463257,6.149999976158142,0.012799999909475446,74.47499961853028,25.350000381469727,28.174999904632568,23373.75,0.23542121927092863
9.272500038146973,6.149999976158142,0.012925000028684736,49.84999942779541,25.850000381469727,28.174999904632568,23373.75,0.23571615536441562
8.712500095367432,6.149999976158142,0.012925000028684736,47.55000019073486,25.350000381469727,28.174999904632568,23373.75,0.23621540626666787
11.81000018119812,6.060000061988831,0.012424999965727329,49.84999942779541,24.02500009536743,28.174999904632568,23373.75,0.2366109959798931
11.81000018119812,6.0,0.01269999984651804,41.25,24.02500009536743,28.174999904632568,23373.75,0.23685618466930608
9.697499990463257,6.149999976158142,0.012925000028684736,74.47499961853028,25.850000381469727,28.174999904632568,23373.75,0.23698359660077087
11.81000018119812,6.0,0.012424999965727329,74.47499961853028,25.850000381469727,28.174999904632568,23373.75,0.23729985039067117
8.712500095367432,6.0,0.012925000028684736,47.55000019073486,25.100000381469727,28.174999904632568,24698.75,0.23753892234911253
11.81000018119812,5.754999995231628,0.01269999984651804,47.55000019073486,25.350000381469727,28.174999904632568,23373.75,0.2380023829571042
9.697499990463257,6.060000061988831,0.012799999909475446,74.47499961853028,25.350000381469727,28.174999904632568,23373.75,0.238239092026497
11.81000018119812,6.0,0.012424999965727329,74.47499961853028,25.350000381469727,28.174999904632568,23373.75,0.23861959168554706
11.81000018119812,6.0,0.012424999965727329,74.47499961853028,25.100000381469727,28.174999904632568,23373.75,0.2390624424462147
9.697499990463257,6.060000061988831,0.012925000028684736,47.55000019073486,25.100000381469727,28.174999904632568,24698.75,0.23945382049002975
11.81000018119812,6.0,0.012424999965727329,41.25,24.02500009536743,28.174999904632568,23373.75,0.23951527854056284
9.697499990463257,6.060000061988831,0.012799999909475446,74.47499961853028,24.02500009536743,28.174999904632568,23373.75,0.23971866851220114
11.81000018119812,6.060000061988831,0.012424999965727329,47.55000019073486,24.02500009536743,28.174999904632568,23373.75,0.23992613468318952
11.81000018119812,6.0,0.012424999965727329,74.47499961853028,24.02500009536743,28.174999904632568,23373.75,0.24009916817125118
9.697499990463257,6.060000061988831,0.01269999984651804,49.84999942779541,25.850000381469727,28.174999904632568,23373.75,0.24029250232814323
9.272500038146973,6.060000061988831,0.012799999909475446,47.55000019073486,25.100000381469727,28.174999904632568,23373.75,0.2407296402541058
9.697499990463257,5.754999995231628,0.012925000028684736,47.55000019073486,25.100000381469727,28.174999904632568,23880.625,0.24112555449990125
11.81000018119812,6.0,0.012424999965727329,49.84999942779541,25.100000381469727,28.174999904632568,23373.75,0.24280951205164042
9.697499990463257,6.060000061988831,0.01269999984651804,47.55000019073486,25.850000381469727,28.174999904632568,23373.75,0.24360764103143964
11.81000018119812,6.0,0.012424999965727329,47.55000019073486,25.100000381469727,27.899999618530273,23373.75,0.24487852973099763
